TopicName,Term,Meaning,Pronunciation,PartOfSpeech,Example,ExampleTranslation,IsMastered
Financial Statements,yield,lợi suất (n); sinh lợi (v),/jiːld/,noun/verb,The company's investment yielded high returns.,Khoản đầu tư của công ty đã mang lại lợi nhuận cao.,false
Financial Statements,typically,thường; theo cách điển hình,/ˈtɪpɪkli/,adverb,"Office expenses typically include such things as salaries, rent, and office supplies.","Chi phí văn phòng thường bao gồm những thứ như lương, tiền thuê nhà và văn phòng phẩm.",false
Financial Statements,translation,sự chuyển đổi; phiên dịch,/trænsˈleɪʃn/,noun,The translation of the statement from Japanese into English was very helpful.,Việc dịch bảng sao kê từ tiếng Nhật sang tiếng Anh rất hữu ích.,false
Financial Statements,target,mục tiêu (n); hướng đến (v),/ˈtɑːrɡɪt/,noun/verb,Most managers target desired income as the primary criterion for success.,Hầu hết các nhà quản lý đặt mức thu nhập mong muốn là tiêu chí chính để thành công.,false
Financial Statements,realistic,thực tế; thực tiễn,/ˌrɪəˈlɪstɪk/,adjective,Realistic financial expectations are important when you review your financial statements.,Kỳ vọng tài chính thực tế rất quan trọng khi bạn xem xét các báo cáo tài chính.,false
Financial Statements,project,dự tính; ước tính trước,/prəˈdʒekt/,verb,We need to project our earnings and expenses in order to plan next year's budget.,Chúng ta cần dự tính thu nhập và chi phí để lập ngân sách cho năm tới.,false
Financial Statements,perspective,quan điểm; góc nhìn,/pərˈspektɪv/,noun,The budget statement will give the manager some perspective on where the costs of running the business are to be found.,Bảng ngân sách sẽ cung cấp cho nhà quản lý một cái nhìn rõ hơn về nguồn gốc của các chi phí kinh doanh.,false
Financial Statements,overall,tổng thể; chung; toàn bộ,/ˌoʊvərˈɔːl/,adjective,The company's overall expectations were out of proportion.,Những kỳ vọng tổng thể của công ty đã không cân xứng.,false
Financial Statements,level,cấp độ; vị trí trên thang đo,/ˈlevl/,noun,We have never had an accountant work at such a sophisticated level before.,Chúng tôi chưa bao giờ có kế toán viên làm việc ở cấp độ tinh vi như vậy trước đây.,false
Financial Statements,forecast,dự báo (n); dự đoán (v),/ˈfɔːrkæst/,noun/verb,The financial forecast indicates a deficit in the next quarter.,Dự báo tài chính cho thấy thâm hụt trong quý tiếp theo.,false
Financial Statements,detail,mô tả chi tiết; trình bày cụ thể,/dɪˈteɪl/,verb,Fabio created a financial statement that detailed every expected expenditure for the next quarter.,Fabio đã tạo ra một báo cáo tài chính nêu chi tiết mọi khoản chi dự kiến cho quý tiếp theo.,false
Financial Statements,desire,mong muốn; khao khát,/dɪˈzaɪər/,verb,He desires to retire when he becomes forty.,Anh ấy mong muốn nghỉ hưu khi bước sang tuổi bốn mươi.,false
Taxes,withhold,giữ lại; khấu trừ từ tiền lương,/wɪðˈhoʊld/,verb,My employer withholds money from each paycheck to apply toward my income taxes.,Người sử dụng lao động khấu trừ tiền từ mỗi kỳ lương để nộp thuế thu nhập cho tôi.,false
Taxes,spouse,vợ hoặc chồng,/spaʊs/,noun,My spouse prepares the tax return for both of us.,Vợ hoặc chồng của tôi chuẩn bị tờ khai thuế cho cả hai chúng tôi.,false
Taxes,refund,khoản hoàn tiền (n); hoàn lại tiền (v),/ˈriːfʌnd/,noun/verb,The government will refund any money that you overpaid.,Chính phủ sẽ hoàn lại bất kỳ khoản tiền nào bạn đã nộp thừa.,false
Taxes,preparation,sự chuẩn bị; hành động chuẩn bị,/ˌprepəˈreɪʃn/,noun,It is important to do some preparation on your own before hiring an accountant to work on your tax form.,Điều quan trọng là tự chuẩn bị trước khi thuê kế toán viên xử lý mẫu khai thuế của bạn.,false
Taxes,penalty,hình phạt; khoản tiền phạt,/ˈpenəlti/,noun,Penalties are imposed to discourage underpayment of taxes by adding a percentage to the taxes you already owe.,Các khoản phạt được áp dụng để ngăn việc nộp thiếu thuế bằng cách cộng thêm một tỷ lệ phần trăm vào số thuế còn nợ.,false
Taxes,owe,nợ; có nghĩa vụ phải trả,/oʊ/,verb,People are often surprised to discover that they owe more money in income taxes at the end of the year.,Mọi người thường ngạc nhiên khi phát hiện rằng họ còn nợ thêm tiền thuế thu nhập vào cuối năm.,false
Taxes,joint,chung; kết hợp,/dʒɔɪnt/,adjective,The couple no longer files joint tax returns.,Cặp đôi không còn khai thuế chung nữa.,false
Taxes,give up,từ bỏ; chấm dứt,/ɡɪv ʌp/,phrase,Ms. Gomez is so optimistic that she never gives up.,Cô Gomez lạc quan đến mức không bao giờ từ bỏ.,false
Taxes,fill out,điền vào biểu mẫu; hoàn thành biểu mẫu,/fɪl aʊt/,phrase,I usually ask someone to help me fill out my tax form.,Tôi thường nhờ ai đó giúp điền vào mẫu khai thuế của mình.,false
Taxes,file,nộp hồ sơ; khai và nộp,/faɪl/,verb,"If you file your taxes late, you will have to pay a fine.","Nếu bạn khai thuế muộn, bạn sẽ phải trả tiền phạt.",false
Taxes,deadline,hạn chót; thời hạn bắt buộc,/ˈdedlaɪn/,noun,The deadline for paying this year's taxes is just two weeks away.,Hạn chót để nộp thuế năm nay chỉ còn hai tuần nữa.,false
Taxes,calculation,sự tính toán; phép tính,/ˌkælkjuˈleɪʃn/,noun,"According to my calculations, I'll owe less money on my income taxes this year.","Theo tính toán của tôi, năm nay tôi sẽ nợ ít tiền thuế thu nhập hơn.",false
Investments,wisely,một cách khôn ngoan; sáng suốt,/ˈwaɪzli/,adverb,Mary wisely followed her stockbroker's advice and took her money out of some bad investments.,Mary đã khôn ngoan làm theo lời khuyên của người môi giới chứng khoán và rút tiền khỏi một số khoản đầu tư kém hiệu quả.,false
Investments,return,lợi nhuận thu được; tỷ suất sinh lời,/rɪˈtɜːrn/,noun,"Some investors are satisfied with a 15 percent return, while others want to see a much larger return.","Một số nhà đầu tư hài lòng với lợi nhuận 15%, trong khi những người khác muốn mức lợi nhuận cao hơn nhiều.",false
Investments,resource,tài nguyên; nguồn lực có giá trị,/rɪˈsɔːrs/,noun,The company's most valuable resource was its staff.,Nguồn lực quý giá nhất của công ty là đội ngũ nhân viên.,false
Investments,pull out,rút lui; rút vốn; ngừng tham gia,/pʊl aʊt/,phrase,His advisor suggested that she pull out her investments in the troubled country.,Cố vấn của anh ấy đề nghị cô ấy rút các khoản đầu tư khỏi quốc gia đang gặp khó khăn.,false
Investments,portfolio,danh mục đầu tư,/pɔːrtˈfoʊlioʊ/,noun,Investors are advised to have diverse portfolios.,Các nhà đầu tư được khuyên nên có danh mục đầu tư đa dạng.,false
Investments,long-term,dài hạn; kéo dài trong thời gian dài,/ˌlɒŋ ˈtɜːrm/,adjective,The CEO's long-term goal was to increase the return on investment.,Mục tiêu dài hạn của CEO là tăng lợi tức đầu tư.,false
Investments,invest,đầu tư; bỏ tiền để sinh lợi,/ɪnˈvest/,verb,The chief financial officer invested in the stock at a very good time.,Giám đốc tài chính đã đầu tư vào cổ phiếu vào một thời điểm rất thuận lợi.,false
Investments,fund,"quỹ tiền (n); tài trợ, cấp vốn (v)",/fʌnd/,noun/verb,He will have access to his trust fund when he is 21 years old.,Anh ấy sẽ được sử dụng quỹ tín thác khi đủ 21 tuổi.,false
Investments,conservative,thận trọng; bảo thủ trong tài chính,/kənˈsɜːrvətɪv/,adjective,"Generally, older people should be more conservative in their investing than younger people.","Nhìn chung, người lớn tuổi nên thận trọng hơn trong đầu tư so với người trẻ tuổi.",false
Investments,commit,cam kết; dành tiền hoặc nguồn lực,/kəˈmɪt/,verb,It is a good idea to commit a certain percentage of your income to investments.,Dành một tỷ lệ phần trăm nhất định trong thu nhập để đầu tư là một ý tưởng tốt.,false
Investments,attitude,thái độ; quan điểm đối với điều gì,/ˈætɪtjuːd/,noun,Each investor should assess his or her own attitude toward investment.,Mỗi nhà đầu tư nên đánh giá thái độ của chính mình đối với việc đầu tư.,false
Investments,aggressively,một cách quyết liệt; mạnh tay,/əˈɡresɪvli/,adverb,Some people are risk takers and prefer to invest aggressively.,Một số người thích chấp nhận rủi ro và muốn đầu tư một cách quyết liệt.,false
Accounting,turnover,doanh thu; tỷ lệ thay thế hoặc nghỉ việc của nhân viên,/ˈtɜːrnoʊvər/,noun,The overseas branch has much lower employee turnover than domestic operations.,Chi nhánh nước ngoài có tỷ lệ thay thế nhân viên thấp hơn nhiều so với hoạt động trong nước.,false
Accounting,reconcile,đối chiếu; làm cho nhất quán,/ˈrekənsaɪl/,verb,The accountant found the error when she reconciled the account.,Kế toán viên đã phát hiện ra lỗi khi cô ấy đối chiếu tài khoản.,false
Accounting,profitably,theo cách có lợi nhuận; có lợi,/ˈprɒfɪtəbli/,adverb,The company used its accountant's advice profitably.,Công ty đã sử dụng lời khuyên của kế toán viên một cách có lợi.,false
Accounting,outstanding,chưa thanh toán; còn tồn đọng,/ˌaʊtˈstændɪŋ/,adjective,Clients with outstanding bills will not receive further service until the bills are paid.,Khách hàng có hóa đơn chưa thanh toán sẽ không nhận được dịch vụ tiếp theo cho đến khi hóa đơn được thanh toán.,false
Accounting,debt,khoản nợ; số tiền còn nợ,/det/,noun,The company has been very careful and is slowly digging itself out of debt.,Công ty đã rất cẩn thận và đang dần thoát khỏi nợ nần.,false
Accounting,client,"khách hàng, thường là khách hàng sử dụng dịch vụ",/ˈklaɪənt/,noun,Maintaining close contact with clients keeps the account managers aware of changing needs.,Duy trì liên lạc chặt chẽ với khách hàng giúp các quản lý tài khoản nắm bắt được những nhu cầu đang thay đổi.,false
Accounting,build up,xây dựng dần dần; tăng lên theo thời gian,/bɪld ʌp/,phrase,The firm has built up a solid reputation for itself.,Công ty đã xây dựng được danh tiếng vững chắc cho mình.,false
Accounting,budget,ngân sách (n); lập kế hoạch chi tiêu (v),/ˈbʌdʒɪt/,noun/verb,The department head was pleased that she received a 10 percent increase in her budget.,Trưởng phòng rất vui khi ngân sách của cô ấy được tăng thêm 10%.,false
Accounting,audit,cuộc kiểm toán (n); kiểm toán hồ sơ tài chính (v),/ˈɔːdɪt/,noun/verb,The independent accountants audited the company's books.,Các kế toán viên độc lập đã kiểm toán sổ sách của công ty.,false
Accounting,asset,tài sản; thứ có giá trị,/ˈæset/,noun,The company's assets are worth millions of dollars.,Tài sản của công ty trị giá hàng triệu đô la.,false
Accounting,accumulate,tích lũy; thu thập dần,/əˈkjuːmjuleɪt/,verb,They have accumulated more than enough information.,Họ đã tích lũy được nhiều thông tin hơn mức cần thiết.,false
Accounting,accounting,kế toán; việc ghi chép thông tin tài chính,/əˈkaʊntɪŋ/,noun,Good accounting is needed in all businesses.,Công tác kế toán tốt là cần thiết trong mọi doanh nghiệp.,false
Banking,transaction,giao dịch; hoạt động kinh doanh,/trænˈzækʃn/,noun,Banking transactions will appear on your monthly statement.,Các giao dịch ngân hàng sẽ xuất hiện trên bảng sao kê hàng tháng của bạn.,false
Banking,take out,rút ra; lấy ra,/teɪk aʊt/,phrase,My checking account allows me to take out money at any bank branch without a fee.,Tài khoản thanh toán của tôi cho phép tôi rút tiền tại bất kỳ chi nhánh ngân hàng nào mà không mất phí.,false
Banking,signature,chữ ký; tên được chính người đó viết,/ˈsɪɡnətʃər/,noun,"Once we have your signature, the contract will be complete.","Một khi chúng tôi có chữ ký của bạn, hợp đồng sẽ hoàn tất.",false
Banking,restricted,bị hạn chế; bị giới hạn,/rɪˈstrɪktɪd/,adjective,The number of free withdrawals a customer can make from his or her account each month is restricted to five.,Số lần rút tiền miễn phí mà khách hàng có thể thực hiện mỗi tháng bị giới hạn ở năm lần.,false
Banking,mortgage,khoản vay thế chấp (n); thế chấp tài sản (v),/ˈmɔːrɡɪdʒ/,noun/verb,"Due to low interest rates, Sheila moved quickly to find a good deal on a mortgage.","Do lãi suất thấp, Sheila nhanh chóng tìm một khoản vay thế chấp có điều kiện tốt.",false
Banking,down payment,tiền trả trước; khoản thanh toán ban đầu,/ˈdaʊn ˌpeɪmənt/,noun,"By making a large down payment, the couple saved a great deal in mortgage interest.","Bằng cách trả trước một khoản lớn, cặp đôi đã tiết kiệm đáng kể tiền lãi thế chấp.",false
Banking,dividend,cổ tức; phần lợi nhuận được chia,/ˈdɪvɪdend/,noun,The stockholders were outraged when their quarterly dividends were so small.,Các cổ đông phẫn nộ khi cổ tức hàng quý của họ quá thấp.,false
Banking,deduct,khấu trừ; trừ khỏi tổng số,/dɪˈdʌkt/,verb,"By deducting the monthly fee from her checking account, Yi was able to balance her account.","Bằng cách khấu trừ phí hàng tháng từ tài khoản thanh toán, Yi có thể cân đối tài khoản của mình.",false
Banking,cautiously,một cách cẩn thận; thận trọng,/ˈkɔːʃəsli/,adverb,The bank manager spoke cautiously when giving out information to people she did not know.,Người quản lý ngân hàng nói chuyện thận trọng khi cung cấp thông tin cho những người cô ấy không quen biết.,false
Banking,borrow,vay; mượn để sử dụng tạm thời,/ˈbɒroʊ/,verb,The couple borrowed money from the bank to buy a home.,Cặp đôi đã vay tiền ngân hàng để mua nhà.,false
Banking,balance,"số dư (n); cân bằng, cân đối (v)",/ˈbæləns/,noun/verb,His healthy bank balance showed a long habit of savings.,Số dư ngân hàng tốt của anh ấy cho thấy thói quen tiết kiệm lâu dài.,false
Banking,accept,chấp nhận; tiếp nhận,/əkˈsept/,verb,"Without hesitating, she accepted the job of teller.","Không do dự, cô ấy đã chấp nhận công việc giao dịch viên ngân hàng.",false
Inventory,verify,xác nhận; kiểm chứng,/ˈverɪfaɪ/,verb,"I can't verify the accuracy of these numbers, since I was not present for inventory weekend.",Tôi không thể xác nhận độ chính xác của những con số này vì tôi không có mặt trong đợt kiểm kê cuối tuần.,false
Inventory,tedious,tẻ nhạt; nhàm chán vì kéo dài,/ˈtiːdiəs/,adjective,Counting merchandise all weekend is the most tedious job I can imagine.,Đếm hàng hóa suốt cuối tuần là công việc tẻ nhạt nhất mà tôi có thể tưởng tượng.,false
Inventory,subtract,trừ đi; khấu trừ,/səbˈtrækt/,verb,"Once you ring up an item, the computer automatically subtracts it from the inventory log.","Khi bạn nhập một mặt hàng vào máy tính tiền, máy tính sẽ tự động trừ mặt hàng đó khỏi sổ hàng tồn kho.",false
Inventory,scan,quét; xem lướt nhanh,/skæn/,verb,Jasmine quickly scanned the list to see if any information was missing.,Jasmine nhanh chóng xem qua danh sách để kiểm tra xem có thông tin nào bị thiếu không.,false
Inventory,run,vận hành; hoạt động,/rʌn/,verb,"As long as the computer is running, you can keep adding new data.","Miễn là máy tính vẫn đang hoạt động, bạn có thể tiếp tục thêm dữ liệu mới.",false
Inventory,reflection,hình ảnh phản chiếu; sự phản chiếu,/rɪˈflekʃn/,noun,The reflection in the glass made it hard for her to distinguish how many were on the shelf.,Hình ảnh phản chiếu trên kính khiến cô ấy khó xác định có bao nhiêu món đồ trên kệ.,false
Inventory,liability,trách nhiệm pháp lý; nghĩa vụ tài chính,/ˌlaɪəˈbɪlɪti/,noun,The store's insured liability protects against theft and damaged inventory.,Bảo hiểm trách nhiệm của cửa hàng giúp bảo vệ trước tổn thất do trộm cắp và hàng tồn kho bị hư hỏng.,false
Inventory,disturb,làm phiền; làm gián đoạn,/dɪˈstɜːrb/,verb,"I hope I'm not disturbing you, but I need to ask you to move so I can record the products behind you.","Tôi hy vọng mình không làm phiền bạn, nhưng tôi cần nhờ bạn di chuyển để có thể ghi lại các sản phẩm phía sau.",false
Inventory,discrepancy,sự sai lệch; sự không nhất quán giữa các số liệu,/dɪˈskrepənsi/,noun,"Unless you catch the error immediately, the discrepancy gets entered into the computer and becomes very difficult to correct.","Nếu bạn không phát hiện lỗi ngay lập tức, số liệu sai lệch sẽ được nhập vào máy tính và trở nên rất khó sửa.",false
Inventory,crucial,cực kỳ quan trọng; mang tính then chốt,/ˈkruːʃl/,adjective,Knowing how many products we have in stock is crucial to our shipping procedures.,Biết được số lượng sản phẩm còn trong kho là điều cực kỳ quan trọng đối với quy trình vận chuyển.,false
Inventory,automatically,tự động; không cần can thiệp trực tiếp,/ˌɔːtəˈmætɪkli/,adverb,The door opens automatically.,Cánh cửa tự động mở.,false
Inventory,adjustment,sự điều chỉnh; thay đổi để phù hợp hơn,/əˈdʒʌstmənt/,noun,An adjustment to the number of damaged items would help us align our figures.,Việc điều chỉnh số lượng mặt hàng bị hỏng sẽ giúp chúng tôi làm cho các số liệu khớp nhau.,false
Invoices,terms,điều khoản; điều kiện,/tɜːrmz/,noun,The terms of payment were clearly listed at the bottom of the invoice.,Các điều khoản thanh toán được liệt kê rõ ràng ở cuối hóa đơn.,false
Invoices,rectify,sửa chữa; khắc phục,/ˈrektɪfaɪ/,verb,He rectified the problem by giving the customer credit for the unused items that she returned.,Anh ấy đã khắc phục vấn đề bằng cách hoàn lại khoản tiền tương ứng cho những mặt hàng chưa sử dụng mà khách hàng trả lại.,false
Invoices,promptly,nhanh chóng; ngay lập tức; đúng giờ,/ˈprɒmptli/,adverb,We always reply promptly to customers' letters.,Chúng tôi luôn trả lời thư của khách hàng một cách nhanh chóng.,false
Invoices,order,"đơn hàng (n); đặt hàng, ra lệnh (v)",/ˈɔːrdər/,noun/verb,The customer placed an order for ten new chairs.,Khách hàng đã đặt một đơn hàng gồm mười chiếc ghế mới.,false
Invoices,mistake,lỗi; sai sót,/mɪˈsteɪk/,noun,I made a mistake in adding up your bill and we overcharged you twenty dollars.,Tôi đã mắc lỗi khi tính tổng hóa đơn và chúng tôi đã tính thừa của bạn hai mươi đô la.,false
Invoices,impose,áp đặt; bắt buộc áp dụng,/ɪmˈpoʊz/,verb,The company will impose a surcharge for any items returned.,Công ty sẽ áp dụng một khoản phụ phí đối với mọi mặt hàng bị trả lại.,false
Invoices,estimate,"sự ước tính (n); ước tính, ước lượng (v)",/ˈestɪmɪt/,noun/verb,We estimated our losses this year at about five thousand dollars.,Chúng tôi ước tính khoản thua lỗ năm nay vào khoảng năm nghìn đô la.,false
Invoices,efficient,hiệu quả; ít lãng phí thời gian và nguồn lực,/ɪˈfɪʃnt/,adjective,Electronic invoicing has helped us to be efficient.,Việc sử dụng hóa đơn điện tử đã giúp chúng tôi hoạt động hiệu quả hơn.,false
Invoices,discount,"khoản chiết khấu, giảm giá (n); giảm giá (v)",/ˈdɪskaʊnt/,noun/verb,We are offering a 10 percent discount to all new customers.,Chúng tôi đang áp dụng mức giảm giá 10% cho tất cả khách hàng mới.,false
Invoices,customer,khách hàng; người mua hàng,/ˈkʌstəmər/,noun,Let's make sure all invoices sent to customers are kept in alphabetical order.,Hãy bảo đảm rằng tất cả hóa đơn gửi cho khách hàng được lưu theo thứ tự bảng chữ cái.,false
Invoices,compile,tổng hợp; thu thập từ nhiều nguồn,/kəmˈpaɪl/,verb,I have compiled a list of the most popular items in our sales catalog.,Tôi đã tổng hợp danh sách các mặt hàng phổ biến nhất trong danh mục bán hàng của chúng tôi.,false
Invoices,charge,"khoản phí (n); tính phí, tính tiền (v)",/tʃɑːrdʒ/,noun/verb,The extra charge for gift wrapping your purchase will appear on your invoice.,Khoản phí bổ sung cho việc gói quà sẽ xuất hiện trên hóa đơn của bạn.,false
Shipping,supply,"nguồn cung, vật tư (n); cung cấp (v)",/səˈplaɪ/,noun/verb,"By making better use of our supplies, we can avoid ordering until next month.","Bằng cách sử dụng vật tư hiệu quả hơn, chúng ta có thể chưa cần đặt thêm hàng cho đến tháng sau.",false
Shipping,sufficiently,đầy đủ; ở mức cần thiết,/səˈfɪʃntli/,adverb,We are sufficiently organized to begin transferring the pallets tomorrow.,Chúng tôi đã chuẩn bị đủ tốt để bắt đầu chuyển các pallet vào ngày mai.,false
Shipping,ship,vận chuyển; gửi hàng,/ʃɪp/,verb,Very few customers think about how their packages will be shipped.,Rất ít khách hàng nghĩ đến việc các kiện hàng của họ sẽ được vận chuyển như thế nào.,false
Shipping,remember,nhớ; nhớ lại,/rɪˈmembər/,verb,I remembered the delivery clerk's name as soon as I got off the phone.,Tôi nhớ ra tên của nhân viên giao hàng ngay sau khi kết thúc cuộc gọi.,false
Shipping,on hand,có sẵn; hiện có để sử dụng,/ɒn hænd/,adjective/phrase,"We had too much stock on hand, so we had a summer sale.","Chúng tôi có quá nhiều hàng tồn kho, vì vậy đã tổ chức một đợt giảm giá mùa hè.",false
Shipping,minimize,giảm thiểu; làm giảm xuống mức thấp nhất,/ˈmɪnɪmaɪz/,verb,The shipping staff minimized customer complaints by working overtime to deliver the packages quickly.,Nhân viên vận chuyển đã giảm thiểu khiếu nại của khách hàng bằng cách làm thêm giờ để giao hàng nhanh chóng.,false
Shipping,inventory,hàng tồn kho; bản kiểm kê hàng hóa,/ˈɪnvəntɔːri/,noun,The store closes one day a year so that the staff can take inventory of the stockroom.,Cửa hàng đóng cửa một ngày mỗi năm để nhân viên kiểm kê hàng hóa trong kho.,false
Shipping,integral,không thể thiếu; cần thiết để tạo thành một tổng thể hoàn chỉnh,/ˈɪntɪɡrəl/,adjective,Good customer relations is an integral component of any business.,Quan hệ tốt với khách hàng là một thành phần không thể thiếu của mọi doanh nghiệp.,false
Shipping,fulfill,thực hiện; đáp ứng; hoàn thành,/fʊlˈfɪl/,verb,The engineers fulfilled a client's request for larger display screens.,Các kỹ sư đã đáp ứng yêu cầu của khách hàng về màn hình hiển thị lớn hơn.,false
Shipping,catalog,danh mục sản phẩm (n); lập danh mục (v),/ˈkætəlɒɡ/,noun/verb,The upcoming fall catalog shows a number of items from Laos that Mr. Lau has never before been able to offer.,Danh mục mùa thu sắp tới giới thiệu một số mặt hàng từ Lào mà trước đây ông Lau chưa từng có thể cung cấp.,false
Shipping,carrier,hãng vận chuyển; công ty vận tải,/ˈkæriər/,noun,Mr. Lau switched carriers in order to get a price savings on deliveries out of state.,Ông Lau đã chuyển sang hãng vận chuyển khác để tiết kiệm chi phí giao hàng ngoài tiểu bang.,false
Shipping,accurately,một cách chính xác; không có sai sót,/ˈækjərɪtli/,adverb,The container company must balance the load accurately or there could be a disaster at sea.,"Công ty vận chuyển container phải cân bằng tải trọng chính xác, nếu không có thể xảy ra thảm họa trên biển.",false
Ordering,stationery,văn phòng phẩm; giấy viết thư và phong bì,/ˈsteɪʃəneri/,noun,The new stationery featured the company's logo in blue ink at the top of the page.,Bộ văn phòng phẩm mới có logo công ty được in bằng mực xanh ở đầu trang.,false
Ordering,source,nguồn; nguồn gốc; xuất xứ,/sɔːrs/,noun,The source of this rare pottery that we are selling in our shop is a small village in India.,Nguồn gốc của loại đồ gốm quý hiếm mà chúng tôi đang bán là một ngôi làng nhỏ ở Ấn Độ.,false
Ordering,smooth,suôn sẻ; trôi chảy; không gặp khó khăn,/smuːð/,adjective,"Thanks to our smooth transition to the new supplier, there was no interruption in shipments.","Nhờ quá trình chuyển đổi suôn sẻ sang nhà cung cấp mới, các chuyến hàng không bị gián đoạn.",false
Ordering,quality,chất lượng; phẩm chất; đặc điểm nổi bật,/ˈkwɒlɪti/,noun,The most important qualities we look for in a supplier are reliability and quick response.,Những phẩm chất quan trọng nhất mà chúng tôi tìm kiếm ở một nhà cung cấp là độ tin cậy và khả năng phản hồi nhanh.,false
Ordering,prerequisite,điều kiện tiên quyết; yêu cầu bắt buộc trước,/ˌpriːˈrekwɪzɪt/,noun,One of the prerequisites for this job is competence in bookkeeping.,Một trong những điều kiện tiên quyết cho công việc này là năng lực kế toán.,false
Ordering,obtain,có được; lấy được,/əbˈteɪn/,verb,The employee obtained the report from her supervisor.,Nhân viên đã lấy báo cáo từ người giám sát.,false
Ordering,maintain,duy trì; tiếp tục giữ,/meɪnˈteɪn/,verb,I've been maintaining a list of office supplies that are in greatest demand.,Tôi đã duy trì danh sách các loại văn phòng phẩm có nhu cầu cao nhất.,false
Ordering,function,chức năng (n); hoạt động (v),/ˈfʌŋkʃn/,noun/verb,What is the function of this device?,Chức năng của thiết bị này là gì?,false
Ordering,everyday,hằng ngày; thông thường,/ˈevrideɪ/,adjective,"Though they are more expensive, these folders will withstand everyday wear and tear.","Mặc dù đắt hơn, những bìa hồ sơ này có thể chịu được sự hao mòn hằng ngày.",false
Ordering,essentially,về cơ bản; về bản chất,/ɪˈsenʃəli/,adverb,"Essentially, she wants to win the contract and put the competition out of business.","Về cơ bản, cô ấy muốn giành được hợp đồng và khiến đối thủ cạnh tranh phải ngừng kinh doanh.",false
Ordering,enterprise,doanh nghiệp; dự án lớn,/ˈentərpraɪz/,noun,The new enterprise quickly established an account with the office supply store.,Doanh nghiệp mới nhanh chóng mở tài khoản với cửa hàng văn phòng phẩm.,false
Ordering,diversify,đa dạng hóa; mở rộng phạm vi,/daɪˈvɜːrsɪfaɪ/,verb,The stationery department plans to diversify its offering of paper products.,Bộ phận văn phòng phẩm dự định đa dạng hóa danh mục sản phẩm giấy.,false
Shopping,trend,xu hướng; phong cách hiện tại,/trend/,noun,The clothing store tries to stay on top of all the new trends.,Cửa hàng quần áo cố gắng theo kịp tất cả các xu hướng mới.,false
Shopping,strictly,nghiêm ngặt; một cách cứng nhắc,/ˈstrɪktli/,adverb,"Their high turnover rate is no surprise, considering how strictly the manager deals with them.","Tỷ lệ nghỉ việc cao của họ không có gì đáng ngạc nhiên, xét đến cách người quản lý đối xử nghiêm khắc với họ.",false
Shopping,merchandise,hàng hóa; sản phẩm được bán trong cửa hàng,/ˈmɜːrtʃəndaɪs/,noun,I am very impressed with the selection of merchandise at this store.,Tôi rất ấn tượng với sự đa dạng hàng hóa tại cửa hàng này.,false
Shopping,mandatory,bắt buộc; được quy định,/ˈmændətɔːri/,adjective,There is a mandatory limit of nine items for use of this checkout line.,Quầy thanh toán này quy định bắt buộc mỗi khách chỉ được thanh toán tối đa chín món hàng.,false
Shopping,item,món hàng; vật phẩm riêng lẻ,/ˈaɪtəm/,noun,Do you think I can get all these items into one bag?,Bạn có nghĩ tôi có thể cho tất cả những món hàng này vào một túi không?,false
Shopping,explore,khám phá; tìm hiểu kỹ,/ɪkˈsplɔːr/,verb,"While his mother shopped for clothes, Michael wandered off to explore the toy section.","Trong khi mẹ mua quần áo, Michael đi sang khu đồ chơi để khám phá.",false
Shopping,expand,mở rộng; tăng quy mô,/ɪkˈspænd/,verb,The new manager has significantly expanded the store's inventory.,Người quản lý mới đã mở rộng đáng kể lượng hàng tồn kho của cửa hàng.,false
Shopping,comfort,"sự thoải mái (n); an ủi, làm dễ chịu (v)",/ˈkʌmfərt/,noun/verb,Comfort yourself with a down quilt this winter.,Hãy tận hưởng sự ấm áp với một chiếc chăn lông vũ vào mùa đông này.,false
Shopping,checkout,quầy thanh toán; quá trình thanh toán,/ˈtʃekaʊt/,noun,Get in the checkout line now and I'll join you with the last items.,"Hãy xếp hàng ở quầy thanh toán trước, tôi sẽ mang những món cuối cùng đến sau.",false
Shopping,behavior,hành vi; cách cư xử,/bɪˈheɪvjər/,noun,Suspicious behavior in a department store will draw the attention of the security guards.,Hành vi đáng ngờ trong cửa hàng bách hóa sẽ thu hút sự chú ý của nhân viên bảo vệ.,false
Shopping,bear,chịu đựng; có thể chịu được,/beər/,verb,Moya doesn't like crowds so she cannot bear to shop during the holiday rush.,Moya không thích đám đông nên cô ấy không thể chịu được việc mua sắm vào dịp lễ đông đúc.,false
Shopping,bargain,món hời (n); mặc cả (v),/ˈbɑːrɡɪn/,noun/verb,Lois compared the sweaters carefully to determine which was a better bargain.,Lois so sánh kỹ các chiếc áo len để xác định chiếc nào là món hời hơn.,false
"Promotions, Pensions and Awards",value,coi trọng; đánh giá cao,/ˈvæljuː/,verb,Employees value their colleagues' opinions.,Nhân viên coi trọng ý kiến của đồng nghiệp.,false
"Promotions, Pensions and Awards",recognition,sự công nhận; lời khen ngợi,/ˌrekəɡˈnɪʃn/,noun,Recognition of excellent work should be routine for every manager.,Việc công nhận thành tích làm việc xuất sắc nên trở thành thông lệ của mọi nhà quản lý.,false
"Promotions, Pensions and Awards",promote,thăng chức; thúc đẩy; quảng bá,/prəˈmoʊt/,verb,The assistant director promoted the idea that the director was incompetent.,Phó giám đốc đã lan truyền quan điểm rằng giám đốc không có năng lực.,false
"Promotions, Pensions and Awards",obviously,rõ ràng; hiển nhiên,/ˈɒbviəsli/,adverb,This is obviously not the first time that the customer has had problems with this particular model.,Rõ ràng đây không phải là lần đầu tiên khách hàng gặp vấn đề với mẫu sản phẩm này.,false
"Promotions, Pensions and Awards",merit,năng lực; phẩm chất đáng khen,/ˈmerɪt/,noun,Employees are evaluated on their merit and not on seniority.,Nhân viên được đánh giá dựa trên năng lực chứ không phải thâm niên.,false
"Promotions, Pensions and Awards",loyal,trung thành; đáng tin cậy,/ˈlɔɪəl/,adjective,"Even though your assistant is loyal, you have to question his job performance.","Mặc dù trợ lý của bạn trung thành, bạn vẫn cần đánh giá hiệu quả công việc của anh ấy.",false
"Promotions, Pensions and Awards",look to,trông cậy vào; dựa vào,/lʊk tuː/,phrase,The staff is looking to their supervisor for guidance and direction.,Nhân viên đang trông cậy vào người giám sát để được hướng dẫn và định hướng.,false
"Promotions, Pensions and Awards",look forward to,mong chờ; háo hức chờ đợi,/lʊk ˈfɔːrwərd tuː/,phrase,We look forward to seeing you at the next meeting.,Chúng tôi mong được gặp bạn tại cuộc họp tiếp theo.,false
"Promotions, Pensions and Awards",dedication,sự cống hiến; sự tận tâm,/ˌdedɪˈkeɪʃn/,noun,The director's dedication to a high-quality product has motivated many of his employees.,Sự tận tâm của giám đốc đối với sản phẩm chất lượng cao đã tạo động lực cho nhiều nhân viên.,false
"Promotions, Pensions and Awards",contribute,đóng góp; bổ sung,/kənˈtrɪbjuːt/,verb,All employees are asked to contribute a few minutes of their spare time to clean up the office.,Tất cả nhân viên được yêu cầu dành vài phút trong thời gian rảnh để dọn dẹp văn phòng.,false
"Promotions, Pensions and Awards",achievement,thành tích; kết quả đạt được,/əˈtʃiːvmənt/,noun,Joseph's achievements in R&D will go down in company history.,Những thành tích của Joseph trong lĩnh vực nghiên cứu và phát triển sẽ được ghi vào lịch sử công ty.,false
"Promotions, Pensions and Awards",wage,"tiền lương, thường tính theo giờ",/weɪdʒ/,noun,Hourly wages have increased by 20 percent over the last two years.,Tiền lương theo giờ đã tăng 20% trong hai năm qua.,false
Salaries and Benefits,vested,được bảo đảm; được công nhận như một quyền,/ˈvestɪd/,adjective,The company has a vested interest in the happiness of its employees.,Công ty có lợi ích trực tiếp trong việc bảo đảm sự hài lòng của nhân viên.,false
Salaries and Benefits,retire,nghỉ hưu; ngừng làm việc,/rɪˈtaɪər/,verb,She retired at the age of 64 but continued to be very active with volunteer work.,Cô ấy nghỉ hưu ở tuổi 64 nhưng vẫn tích cực tham gia công việc tình nguyện.,false
Salaries and Benefits,raise,"mức tăng lương (n); nâng lên, tăng lên (v)",/reɪz/,noun/verb,"With his raise, Mr. Drvoshanov was able to afford to buy a new car.","Nhờ được tăng lương, ông Drvoshanov có đủ khả năng mua một chiếc xe mới.",false
Salaries and Benefits,negotiate,thương lượng; đàm phán,/nɪˈɡoʊʃieɪt/,verb,You must know what you want and what you can accept when you negotiate a salary.,Bạn phải biết mình muốn gì và có thể chấp nhận điều gì khi đàm phán mức lương.,false
Salaries and Benefits,flexibly,một cách linh hoạt; có khả năng thích ứng,/ˈfleksɪbli/,adverb,We need to respond flexibly if we want to keep customers in this competitive market.,Chúng ta cần phản ứng linh hoạt nếu muốn giữ chân khách hàng trong thị trường cạnh tranh này.,false
Salaries and Benefits,eligible,đủ điều kiện; có quyền tham gia,/ˈelɪdʒɪbl/,adjective,Some employees may be eligible for the tuition reimbursement plan.,Một số nhân viên có thể đủ điều kiện tham gia chương trình hoàn trả học phí.,false
Salaries and Benefits,delicately,một cách tinh tế; thận trọng,/ˈdelɪkɪtli/,adverb,Senior management is handling these contract negotiations delicately.,Ban lãnh đạo cấp cao đang xử lý các cuộc đàm phán hợp đồng này một cách thận trọng.,false
Salaries and Benefits,compensate,bồi thường; chi trả,/ˈkɒmpənseɪt/,verb,The company compensates employees for any travel expenses.,Công ty hoàn trả cho nhân viên mọi chi phí đi lại.,false
Salaries and Benefits,benefit,"phúc lợi, lợi ích (n); hưởng lợi (v)",/ˈbenɪfɪt/,noun/verb,We all benefit from the company's policy of semiannual reviews.,Tất cả chúng ta đều được hưởng lợi từ chính sách đánh giá sáu tháng một lần của công ty.,false
Salaries and Benefits,be aware of,nhận thức được; biết về,/biː əˈweər ɒv/,phrase,Are you aware of the new employee's past work history?,Bạn có biết về quá trình làm việc trước đây của nhân viên mới không?,false
Salaries and Benefits,basis,cơ sở; nền tảng; lý do chính,/ˈbeɪsɪs/,noun,The manager didn't have any basis for firing the employee.,Người quản lý không có bất kỳ cơ sở nào để sa thải nhân viên.,false
Salaries and Benefits,update,thông tin cập nhật (n); cập nhật (v),/ˈʌpdeɪt/,noun/verb,The personnel officer updated the employees on the latest personnel changes.,Cán bộ nhân sự đã thông báo cho nhân viên về những thay đổi nhân sự mới nhất.,false
Hiring and Training,training,sự đào tạo; quá trình chuẩn bị cho công việc,/ˈtreɪnɪŋ/,noun,"The new hire received such good training that, within a week, she was as productive as the other workers.","Nhân viên mới được đào tạo tốt đến mức chỉ sau một tuần, cô ấy đã làm việc hiệu quả như những nhân viên khác.",false
Hiring and Training,success,sự thành công; việc đạt được mục tiêu,/səkˈses/,noun,The director's success came after years of hiring the right people at the right time.,Thành công của giám đốc đến sau nhiều năm tuyển đúng người vào đúng thời điểm.,false
Hiring and Training,set up,"được thiết lập; thiết lập, chuẩn bị",/set ʌp/,phrase/verb,Check with your supervisor to make sure that your office is all set up before you begin work.,Hãy kiểm tra với người giám sát để bảo đảm văn phòng của bạn đã được chuẩn bị đầy đủ trước khi bắt đầu làm việc.,false
Hiring and Training,reject,vật bị loại (n); từ chối (v),/rɪˈdʒekt/,noun/verb,"Even though Mr. Lukin rejected their offer, they remained in contact.","Mặc dù ông Lukin từ chối đề nghị của họ, hai bên vẫn giữ liên lạc.",false
Hiring and Training,on track,đúng tiến độ; đi đúng hướng,/ɒn træk/,adjective/phrase,"If we stay on track, the meeting should be finished at 9:30.","Nếu chúng ta giữ đúng tiến độ, cuộc họp sẽ kết thúc lúc 9 giờ 30.",false
Hiring and Training,mentor,người hướng dẫn; cố vấn,/ˈmentɔːr/,noun,The mentor helped her make some decisions about combining career and family.,Người cố vấn đã giúp cô ấy đưa ra một số quyết định về việc cân bằng sự nghiệp và gia đình.,false
Hiring and Training,look up to,ngưỡng mộ; kính trọng,/lʊk ʌp tuː/,phrase,Staff members looked up to the director because he had earned their respect over the years.,Nhân viên kính trọng giám đốc vì ông đã giành được sự tôn trọng của họ qua nhiều năm.,false
Hiring and Training,keep up with,theo kịp; bắt kịp,/kiːp ʌp wɪð/,phrase,Employees are encouraged to take courses in order to keep up with new developments.,Nhân viên được khuyến khích tham gia các khóa học để theo kịp những phát triển mới.,false
Hiring and Training,hire,nhân viên mới được tuyển (n); tuyển dụng (v),/haɪər/,noun/verb,The new hire has integrated well with his colleagues.,Nhân viên mới đã hòa nhập tốt với đồng nghiệp.,false
Hiring and Training,generate,tạo ra; sản sinh,/ˈdʒenəreɪt/,verb,The new training program generated a lot of interest among employees.,Chương trình đào tạo mới đã tạo ra nhiều sự quan tâm trong đội ngũ nhân viên.,false
Hiring and Training,conduct,"hành vi, cách cư xử (n); tiến hành (v)",/ˈkɒndʌkt/,noun/verb,Interviews were conducted over a period of three weeks.,Các cuộc phỏng vấn được tiến hành trong vòng ba tuần.,false
Hiring and Training,weakly,một cách yếu ớt; thiếu sức lực,/ˈwiːkli/,adverb,Her hands trembled and she spoke weakly at the interview.,Tay cô ấy run và cô ấy nói yếu ớt trong buổi phỏng vấn.,false
Applying and Interviewing,present,giới thiệu; trình bày; đề xuất,/prɪˈzent/,verb,The candidate presented her qualifications so well that the employer offered her a job on the spot.,Ứng viên trình bày năng lực của mình tốt đến mức nhà tuyển dụng đã đề nghị công việc ngay tại chỗ.,false
Applying and Interviewing,hesitant,do dự; thiếu quyết đoán,/ˈhezɪtənt/,adjective,The recent college graduate was hesitant about accepting his first offer.,Sinh viên mới tốt nghiệp đại học còn do dự khi chấp nhận lời mời làm việc đầu tiên.,false
Applying and Interviewing,follow up,theo dõi; thực hiện bước tiếp theo,/ˈfɒloʊ ʌp/,phrase,Always follow up an interview with a thank-you note.,Luôn gửi thư cảm ơn sau buổi phỏng vấn.,false
Applying and Interviewing,expert,chuyên gia; người am hiểu sâu,/ˈekspɜːrt/,noun,The candidate demonstrated that he was an expert in marketing.,Ứng viên đã chứng minh rằng anh ấy là chuyên gia trong lĩnh vực tiếp thị.,false
Applying and Interviewing,constantly,liên tục; không ngừng,/ˈkɒnstəntli/,adverb,The company is constantly looking for highly trained employees.,Công ty liên tục tìm kiếm những nhân viên được đào tạo bài bản.,false
Applying and Interviewing,confidence,sự tự tin; niềm tin vào bản thân,/ˈkɒnfɪdəns/,noun,Good applicants show confidence during an interview.,Những ứng viên tốt thể hiện sự tự tin trong buổi phỏng vấn.,false
Applying and Interviewing,call in,gọi đến; mời đến,/kɔːl ɪn/,phrase,The human resources manager called in all the qualified applicants for a second interview.,Quản lý nhân sự đã mời tất cả ứng viên đủ tiêu chuẩn đến phỏng vấn lần hai.,false
Applying and Interviewing,be ready for,sẵn sàng cho; chuẩn bị cho,/biː ˈredi fɔːr/,phrase,The employer wasn't ready for the applicant's questions.,Nhà tuyển dụng chưa sẵn sàng cho các câu hỏi của ứng viên.,false
Applying and Interviewing,background,lý lịch; kinh nghiệm và quá trình cá nhân,/ˈbækɡraʊnd/,noun,Your background in the publishing industry is a definite asset for this job.,Kinh nghiệm của bạn trong ngành xuất bản là một lợi thế rõ ràng cho công việc này.,false
Applying and Interviewing,apply,ứng tuyển; nộp đơn,/əˈplaɪ/,verb,Everyone who is interested should apply in person at any branch office.,Tất cả những người quan tâm nên trực tiếp nộp đơn tại bất kỳ văn phòng chi nhánh nào.,false
Applying and Interviewing,ability,khả năng; năng lực,/əˈbɪlɪti/,noun,The ability to work with others is a key requirement.,Khả năng làm việc với người khác là một yêu cầu quan trọng.,false
Applying and Interviewing,time-consuming,tốn nhiều thời gian,/ˈtaɪm kənˌsjuːmɪŋ/,adjective,"Five interviews later, Ms. Lopez had the job, but it was the most time-consuming process she had ever gone through.","Sau năm buổi phỏng vấn, cô Lopez đã có được công việc, nhưng đó là quy trình tốn thời gian nhất mà cô từng trải qua.",false
Job Advertising and Recruiting,submit,nộp; trình lên để xem xét,/səbˈmɪt/,verb,Submit your résumé to the human resources department.,Hãy nộp hồ sơ của bạn cho phòng nhân sự.,false
Job Advertising and Recruiting,recruit,tuyển dụng (v); người được tuyển (n),/rɪˈkruːt/,verb/noun,"When the consulting firm recruited her, they offered to pay her relocation expenses.","Khi công ty tư vấn tuyển dụng cô ấy, họ đã đề nghị chi trả chi phí chuyển nơi ở.",false
Job Advertising and Recruiting,qualifications,trình độ; năng lực và tiêu chuẩn cần thiết,/ˌkwɒlɪfɪˈkeɪʃnz/,noun,The applicant had so many qualifications that the company created a new position for her.,Ứng viên có nhiều năng lực đến mức công ty đã tạo một vị trí mới cho cô ấy.,false
Job Advertising and Recruiting,profile,hồ sơ; tập hợp các đặc điểm,/ˈproʊfaɪl/,noun,"As jobs change, so does the company's profile for the job candidate.","Khi công việc thay đổi, hồ sơ yêu cầu ứng viên của công ty cũng thay đổi theo.",false
Job Advertising and Recruiting,match,"sự phù hợp (n); ghép, kết nối phù hợp (v)",/mætʃ/,noun/verb,A headhunter matches qualified candidates to suitable positions.,Một chuyên viên săn đầu người kết nối các ứng viên đủ tiêu chuẩn với những vị trí phù hợp.,false
Job Advertising and Recruiting,commensurate,tương xứng; tương đương,/kəˈmenʃərɪt/,adjective,Generally the first year's salary is commensurate with experience and education level.,"Thông thường, mức lương năm đầu tiên tương xứng với kinh nghiệm và trình độ học vấn.",false
Job Advertising and Recruiting,come up with,nghĩ ra; đưa ra ý tưởng,/kʌm ʌp wɪð/,phrase,"In order for that small business to succeed, it needs to come up with a new strategy.","Để doanh nghiệp nhỏ đó thành công, doanh nghiệp cần nghĩ ra một chiến lược mới.",false
Job Advertising and Recruiting,candidate,ứng viên; người được xem xét cho một vị trí,/ˈkændɪdɪt/,noun,The recruiter will interview all candidates for the position.,Nhà tuyển dụng sẽ phỏng vấn tất cả ứng viên cho vị trí này.,false
Job Advertising and Recruiting,bring together,tập hợp; kết nối mọi người,/brɪŋ təˈɡeðər/,phrase,Our goal this year is to bring together the most creative group we can find.,Mục tiêu của chúng tôi trong năm nay là tập hợp nhóm sáng tạo nhất có thể.,false
Job Advertising and Recruiting,accomplishment,thành tích; kết quả đạt được,/əˈkʌmplɪʃmənt/,noun,"In honor of her accomplishments, the manager was promoted.","Để ghi nhận những thành tích của cô ấy, người quản lý đã được thăng chức.",false
Job Advertising and Recruiting,abundant,dồi dào; có số lượng lớn,/əˈbʌndənt/,adjective,The recruiter was surprised by the abundant number of qualified applicants.,Nhà tuyển dụng ngạc nhiên trước số lượng lớn ứng viên đủ tiêu chuẩn.,false
Job Advertising and Recruiting,revise,sửa đổi; chỉnh sửa; viết lại,/rɪˈvaɪz/,verb,We will need to revise the form letter since our address has changed.,Chúng ta cần sửa lại mẫu thư vì địa chỉ đã thay đổi.,false
Correspondence,proof,bằng chứng (n); kiểm tra và sửa lỗi (v),/pruːf/,noun/verb,This letter was not proofed very carefully; it is full of typing mistakes.,Bức thư này không được kiểm tra kỹ nên có rất nhiều lỗi đánh máy.,false
Correspondence,petition,bản kiến nghị (n); kiến nghị chính thức (v),/pəˈtɪʃn/,noun/verb,We petitioned the postal officials to start delivering mail twice a day in business areas.,Chúng tôi đã kiến nghị với cơ quan bưu điện về việc giao thư hai lần mỗi ngày tại các khu thương mại.,false
Correspondence,mention,"sự đề cập (n); đề cập, nhắc đến (v)",/ˈmenʃn/,noun/verb,You should mention in the letter that we can arrange for mailing the brochures as well as printing them.,Bạn nên đề cập trong thư rằng chúng tôi có thể sắp xếp cả việc in và gửi các tờ giới thiệu.,false
Correspondence,layout,bố cục; cách sắp xếp tài liệu,/ˈleɪaʊt/,noun,The layout for the new brochure was submitted by the designer.,Bố cục của tờ giới thiệu mới đã được nhà thiết kế gửi lên.,false
Correspondence,fold,gấp; xếp giấy,/foʊld/,verb,Fold the letter into three parts before stuffing it into the envelope.,Hãy gấp bức thư thành ba phần trước khi cho vào phong bì.,false
Correspondence,express,nhanh; khẩn; chuyển phát nhanh,/ɪkˈspres/,adjective,"It's important that this document be there tomorrow, so please send it express mail.","Tài liệu này cần đến nơi vào ngày mai, vì vậy hãy gửi bằng dịch vụ chuyển phát nhanh.",false
Correspondence,courier,người giao hàng; đơn vị chuyển phát nhanh,/ˈkʊriər/,noun,We hired a courier to deliver the package.,Chúng tôi đã thuê một người chuyển phát để giao gói hàng.,false
Correspondence,complication,sự phức tạp; tình huống khó khăn phát sinh,/ˌkɒmplɪˈkeɪʃn/,noun,Complications always arise when we try to cover too many topics in one letter.,Những vấn đề phức tạp luôn phát sinh khi chúng ta cố đề cập quá nhiều chủ đề trong một bức thư.,false
Correspondence,beforehand,trước đó; trước khi sự việc xảy ra,/bɪˈfɔːrhænd/,adverb,"To speed up the mailing, we should prepare the labels beforehand.","Để đẩy nhanh việc gửi thư, chúng ta nên chuẩn bị nhãn từ trước.",false
Correspondence,assemble,lắp ráp; tập hợp; ghép lại,/əˈsembl/,verb,Her assistant copied and assembled the documents.,Trợ lý của cô ấy đã sao chép và tập hợp các tài liệu.,false
Correspondence,technically,về mặt kỹ thuật; xét theo chuyên môn,/ˈteknɪkli/,adverb,"Technically speaking, the virus infected only script files.","Xét về mặt kỹ thuật, vi-rút chỉ lây nhiễm các tệp lệnh.",false
Correspondence,store,lưu trữ; giữ lại,/stɔːr/,verb,You can store more data on a zip drive.,Bạn có thể lưu trữ nhiều dữ liệu hơn trên ổ đĩa Zip.,false
Electronics,software,phần mềm máy tính,/ˈsɒftweər/,noun,Many computers come pre-loaded with software.,Nhiều máy tính được cài đặt sẵn phần mềm.,false
Electronics,skill,kỹ năng; năng lực được rèn luyện,/skɪl/,noun,The software developer has excellent technical skills and would be an asset to our software programming team.,Nhà phát triển phần mềm có kỹ năng kỹ thuật xuất sắc và sẽ là một nhân sự có giá trị đối với nhóm lập trình phần mềm của chúng tôi.,false
Electronics,sharp,sắc bén; rõ rệt; đột ngột,/ʃɑːrp/,adjective,There was a sharp decline in calls to the help desk after we upgraded each employee's computer.,Số cuộc gọi đến bộ phận hỗ trợ đã giảm mạnh sau khi chúng tôi nâng cấp máy tính của từng nhân viên.,false
Electronics,revolution,cuộc cách mạng; sự thay đổi lớn và nhanh chóng,/ˌrevəˈluːʃn/,noun,We see a revolution in the computer field almost every day.,Chúng ta gần như chứng kiến một cuộc cách mạng trong lĩnh vực máy tính mỗi ngày.,false
Electronics,replace,thay thế; đặt lại vào vị trí cũ,/rɪˈpleɪs/,verb,We have been looking for three months and we've found no one who can replace our former administrator.,Chúng tôi đã tìm kiếm trong ba tháng nhưng vẫn chưa tìm được ai có thể thay thế quản trị viên trước đây.,false
Electronics,process,quy trình (n); xử lý (v),/ˈprɒses/,noun/verb,There is a process for determining why your computer is malfunctioning.,Có một quy trình để xác định nguyên nhân máy tính của bạn hoạt động không đúng.,false
Electronics,popularity,sự phổ biến; mức độ được ưa chuộng,/ˌpɒpjuˈlærɪti/,noun,"After the new commercials began running, the popularity of the batteries increased significantly.","Sau khi các quảng cáo mới bắt đầu phát sóng, mức độ phổ biến của loại pin này đã tăng đáng kể.",false
Electronics,network,"mạng lưới, mạng máy tính (n); kết nối mạng (v)",/ˈnetwɜːrk/,noun/verb,We set up a new network in my office to share files.,Chúng tôi đã thiết lập một mạng mới trong văn phòng để chia sẻ tệp.,false
Electronics,facilitate,tạo điều kiện; làm cho dễ dàng hơn,/fəˈsɪlɪteɪt/,verb,The computer program facilitated the scheduling of appointments.,Chương trình máy tính đã giúp việc lên lịch các cuộc hẹn trở nên thuận tiện hơn.,false
Electronics,disk,đĩa dùng để lưu trữ dữ liệu kỹ thuật số,/dɪsk/,noun,Rewritable compact discs are more expensive than read-only CDs.,Đĩa CD có thể ghi lại đắt hơn đĩa CD chỉ đọc.,false
Electronics,verbally,bằng lời nói; bằng miệng,/ˈvɜːrbəli/,adverb,The guarantee was made only verbally.,Sự bảo đảm chỉ được đưa ra bằng lời nói.,false
Electronics,reinforce,củng cố; tăng cường,/ˌriːɪnˈfɔːrs/,verb,Employees reinforced their learning with practice in the workplace.,Nhân viên củng cố kiến thức đã học bằng cách thực hành tại nơi làm việc.,false
Office Procedures,practice,"phương pháp, thông lệ (n); luyện tập, thực hành (v)",/ˈpræktɪs/,noun/verb,The manager had started her practice of weekly breakfast meetings more than twenty years ago.,Người quản lý đã bắt đầu thông lệ tổ chức họp vào bữa sáng hằng tuần từ hơn hai mươi năm trước.,false
Office Procedures,outdated,lỗi thời; không còn phù hợp hoặc được sử dụng,/ˌaʊtˈdeɪtɪd/,adjective,The purpose of the seminar is to have employees identify outdated methods and procedures.,Mục đích của hội thảo là giúp nhân viên xác định những phương pháp và quy trình lỗi thời.,false
Office Procedures,out of,hết; không còn; thiếu,/aʊt ɒv/,phrase,Orders should be placed before you run out of the supplies.,Nên đặt hàng trước khi bạn dùng hết vật tư.,false
Office Procedures,glimpse,cái nhìn thoáng qua; sự hiểu biết sơ bộ,/ɡlɪmps/,noun,"After one year with the company, he still felt as though he had only a glimpse of the overall operations.","Sau một năm làm việc tại công ty, anh ấy vẫn cảm thấy mình chỉ hiểu sơ qua về toàn bộ hoạt động.",false
Office Procedures,expose,cho tiếp xúc với; tạo cơ hội trải nghiệm,/ɪkˈspoʊz/,verb,The new hires' week in each department exposed them to the various functions in the company.,Khoảng thời gian một tuần tại mỗi bộ phận đã giúp nhân viên mới tiếp xúc với nhiều chức năng khác nhau trong công ty.,false
Office Procedures,code,bộ quy tắc; quy tắc ứng xử,/koʊd/,noun,The new employees observed the unwritten code of conduct in their first week on the job.,Các nhân viên mới đã tuân theo bộ quy tắc ứng xử bất thành văn trong tuần làm việc đầu tiên.,false
Office Procedures,casually,một cách thoải mái; không trang trọng,/ˈkæʒuəli/,adverb,"On Fridays, most employees dress casually.","Vào thứ Sáu, hầu hết nhân viên mặc trang phục thoải mái.",false
Office Procedures,bring in,đưa vào; thuê hoặc mời vào làm việc,/brɪŋ ɪn/,phrase,The company president wanted to bring in an efficiency consultant.,Chủ tịch công ty muốn mời một chuyên gia tư vấn về hiệu quả làm việc.,false
Office Procedures,be made of,được làm bằng; được cấu tạo từ,/biː meɪd ɒv/,phrase,People say that the negotiator has nerves made of steel.,Người ta nói rằng nhà đàm phán có thần kinh thép.,false
Office Procedures,appreciation,sự trân trọng; lòng biết ơn,/əˌpriːʃiˈeɪʃn/,noun,Your appreciation of my efforts inspired me through the final stages of the construction.,Sự trân trọng của bạn đối với những nỗ lực của tôi đã truyền động lực cho tôi trong các giai đoạn cuối của công trình.,false
Office Procedures,stock,"hàng tồn kho (n); dự trữ, bổ sung hàng (v)",/stɒk/,noun/verb,The employees stocked the shelves on a weekly basis.,Nhân viên bổ sung hàng lên kệ mỗi tuần.,false
Office Procedures,stay on top of,theo kịp; luôn nắm bắt thông tin mới nhất,/steɪ ɒn tɒp ɒv/,phrase,"In this industry, you must stay on top of current developments.","Trong ngành này, bạn phải luôn theo kịp những diễn biến mới nhất.",false
Office Technology,reduction,sự giảm; mức giảm giá,/rɪˈdʌkʃn/,noun,The outlet store gave a 20 percent reduction in the price of the shelves and bookcases.,Cửa hàng outlet đã giảm 20% giá của các kệ và tủ sách.,false
Office Technology,recur,tái diễn; xảy ra lặp đi lặp lại,/rɪˈkɜːr/,verb,"The subject of decreasing sales recurs in each meeting, sometimes several times.","Chủ đề doanh số sụt giảm được nhắc lại trong mỗi cuộc họp, đôi khi nhiều lần.",false
Office Technology,provider,nhà cung cấp,/prəˈvaɪdər/,noun,The department was extremely pleased with the service they received from the phone provider.,Bộ phận rất hài lòng với dịch vụ mà họ nhận được từ nhà cung cấp dịch vụ điện thoại.,false
Office Technology,physically,về mặt vật lý; bằng hành động trực tiếp của cơ thể,/ˈfɪzɪkli/,adverb,Physically moving your screen from one place on the desk to another can help reduce same-position-strain syndrome.,Việc trực tiếp di chuyển màn hình từ vị trí này sang vị trí khác trên bàn có thể giúp giảm tình trạng căng cơ do giữ nguyên một tư thế.,false
Office Technology,initiative,sáng kiến; sự chủ động,/ɪˈnɪʃətɪv/,noun,Employees are encouraged to take the initiative and share their ideas with management.,Nhân viên được khuyến khích chủ động và chia sẻ ý tưởng với ban quản lý.,false
Office Technology,durable,bền; chắc chắn; có thể sử dụng lâu dài,/ˈdjʊərəbl/,adjective,"This printer is so durable that, with a little care, it will last another five years.","Máy in này rất bền, chỉ cần bảo dưỡng một chút thì có thể sử dụng thêm năm năm nữa.",false
Office Technology,capacity,sức chứa; công suất tối đa,/kəˈpæsɪti/,noun,The new conference room is much larger and has a capacity of one hundred people.,Phòng hội nghị mới rộng hơn nhiều và có sức chứa một trăm người.,false
Office Technology,be in charge of,phụ trách; chịu trách nhiệm về,/biː ɪn tʃɑːrdʒ ɒv/,phrase,He appointed someone to be in charge of maintaining a supply of paper in the fax machine.,Anh ấy đã chỉ định một người phụ trách bảo đảm máy fax luôn có đủ giấy.,false
Office Technology,as needed,khi cần thiết,/æz ˈniːdɪd/,adverb/phrase,The service contract states that repairs will be made on an as-needed basis.,Hợp đồng dịch vụ quy định rằng việc sửa chữa sẽ được thực hiện khi cần thiết.,false
Office Technology,affordable,có thể chi trả được; không quá đắt,/əˈfɔːrdəbl/,adjective,"Obviously, the computer systems that are affordable for a Fortune 500 company will not be affordable for a small company.","Rõ ràng, những hệ thống máy tính mà một công ty thuộc Fortune 500 có thể chi trả chưa chắc phù hợp với khả năng tài chính của một công ty nhỏ.",false
Office Technology,warning,lời cảnh báo; tín hiệu nguy hiểm,/ˈwɔːrnɪŋ/,noun,The red flashing light gives a warning to users that the battery is low.,Đèn đỏ nhấp nháy cảnh báo người dùng rằng pin sắp hết.,false
Office Technology,shut down,tắt; ngừng hoạt động,/ʃʌt daʊn/,phrase,Please shut down the computer before you leave.,Vui lòng tắt máy tính trước khi rời đi.,false
Computers,search,việc tìm kiếm (n); tìm kiếm (v),/sɜːrtʃ/,noun/verb,The computer searched for all names that began with W.,Máy tính đã tìm kiếm tất cả các tên bắt đầu bằng chữ W.,false
Computers,ignore,bỏ qua; không chú ý đến,/ɪɡˈnɔːr/,verb,Don't ignore the technician's advice when connecting cables.,Đừng bỏ qua lời khuyên của kỹ thuật viên khi kết nối dây cáp.,false
Computers,figure out,tìm ra; hiểu được; giải quyết,/ˈfɪɡjər aʊt/,phrase,"By examining all of the errors, the technicians figured out how to fix the problem.","Bằng cách kiểm tra tất cả các lỗi, các kỹ thuật viên đã tìm ra cách khắc phục sự cố.",false
Computers,failure,sự thất bại; sự cố; tình trạng không hoạt động,/ˈfeɪljər/,noun,The repeated failure of her printer baffled the technician.,Việc máy in của cô ấy liên tục gặp sự cố khiến kỹ thuật viên bối rối.,false
Computers,duplicate,sao chép; tạo một bản giống hệt,/ˈdjuːplɪkeɪt/,verb,"Before you leave, please duplicate that file by making a copy on the CD-ROM.","Trước khi rời đi, vui lòng sao chép tệp đó bằng cách tạo một bản sao trên đĩa CD-ROM.",false
Computers,display,màn hình hiển thị (n); hiển thị (v),/dɪˈspleɪ/,noun/verb,The accounting program displays a current balance when opened.,Chương trình kế toán hiển thị số dư hiện tại khi được mở.,false
Computers,delete,xóa; loại bỏ,/dɪˈliːt/,verb,This button on the keyboard deletes the characters from the screen.,Nút này trên bàn phím dùng để xóa các ký tự khỏi màn hình.,false
Computers,compatible,tương thích; có thể hoạt động cùng nhau,/kəmˈpætɪbl/,adjective,Users of software applications want new versions to be compatible with current versions.,Người dùng phần mềm muốn các phiên bản mới tương thích với những phiên bản hiện tại.,false
Computers,allocate,phân bổ; chỉ định cho một mục đích cụ thể,/ˈæləkeɪt/,verb,The software architect did not allocate enough memory for the sound card to work in your computer.,Kiến trúc sư phần mềm đã không phân bổ đủ bộ nhớ để card âm thanh hoạt động trên máy tính của bạn.,false
Computers,access,quyền truy cập (n); truy cập (v),/ˈækses/,noun/verb,We accessed the information on the company's website.,Chúng tôi đã truy cập thông tin trên trang web của công ty.,false
Computers,take part in,tham gia vào,/teɪk pɑːrt ɪn/,phrase,"We could not get enough people to take part in the meeting, so we canceled it.",Chúng tôi không có đủ người tham gia cuộc họp nên đã hủy cuộc họp.,false
Computers,session,buổi họp; phiên làm việc; buổi học,/ˈseʃn/,noun,"The morning sessions tend to fill up first, so sign up early.","Các buổi sáng thường hết chỗ trước, vì vậy hãy đăng ký sớm.",false
Conferences,select,lựa chọn (v); được lựa chọn đặc biệt (adj),/sɪˈlekt/,verb/adjective,The conference participant selected the marketing seminar from the various offerings.,Người tham dự hội nghị đã chọn buổi hội thảo tiếp thị trong số nhiều chương trình khác nhau.,false
Conferences,register,"sổ đăng ký (n); đăng ký, ghi nhận (v)",/ˈredʒɪstər/,noun/verb,You can register this mail for an additional $2.20.,"Bạn có thể gửi bức thư này dưới dạng thư bảo đảm với khoản phí bổ sung 2,20 đô la.",false
Conferences,overcrowded,quá đông; chật chội,/ˌoʊvərˈkraʊdɪd/,adjective,"As soon as the guests entered the dining room for dinner, Sue Lin could see that the room would become overcrowded.","Ngay khi khách bước vào phòng ăn, Sue Lin nhận ra rằng căn phòng sẽ trở nên quá đông.",false
Conferences,location,vị trí; địa điểm,/loʊˈkeɪʃn/,noun,The location of the meeting was changed from the Red Room to the Green Room.,Địa điểm cuộc họp đã được chuyển từ Phòng Đỏ sang Phòng Xanh.,false
Conferences,hold,tổ chức; chứa; nắm giữ,/hoʊld/,verb,She holds an annual seminar that is very popular.,Cô ấy tổ chức một hội thảo thường niên rất được yêu thích.,false
Conferences,get in touch,liên lạc với,/ɡet ɪn tʌtʃ/,phrase,"As soon as we arrive at the hotel, we will get in touch with the manager about the unexpected guests.","Ngay khi đến khách sạn, chúng tôi sẽ liên lạc với người quản lý về những vị khách ngoài dự kiến.",false
Conferences,attend,tham dự; có mặt tại,/əˈtend/,verb,We expect more than 100 members to attend the annual meeting.,Chúng tôi dự kiến có hơn 100 thành viên tham dự cuộc họp thường niên.,false
Conferences,association,hiệp hội; tổ chức; mối quan hệ,/əˌsoʊsiˈeɪʃn/,noun,Membership in a trade or professional association provides business contacts and mutual support.,Việc tham gia một hiệp hội thương mại hoặc nghề nghiệp giúp tạo dựng các mối quan hệ kinh doanh và nhận được sự hỗ trợ lẫn nhau.,false
Conferences,arrangement,sự sắp xếp; kế hoạch; công tác tổ chức,/əˈreɪndʒmənt/,noun,The arrangement of speakers was alphabetical to avoid any hurt feelings.,Thứ tự các diễn giả được sắp xếp theo bảng chữ cái để tránh làm mất lòng bất kỳ ai.,false
Conferences,accommodate,đáp ứng; cung cấp đủ chỗ hoặc điều kiện cần thiết,/əˈkɒmədeɪt/,verb,The meeting room was large enough to accommodate the various needs of the groups using it.,Phòng họp đủ rộng để đáp ứng những nhu cầu khác nhau của các nhóm sử dụng phòng.,false
Conferences,substitution,sự thay thế,/ˌsʌbstɪˈtjuːʃn/,noun,There is no substitution for hard work and perseverance.,Không có gì có thể thay thế cho sự chăm chỉ và kiên trì.,false
Conferences,strong,mạnh mẽ; vững chắc; thuận lợi,/strɒŋ/,adjective,"Even in a strong economic climate many businesses fail, so do your planning carefully.","Ngay cả trong điều kiện kinh tế thuận lợi, nhiều doanh nghiệp vẫn thất bại, vì vậy hãy lập kế hoạch cẩn thận.",false
Business Planning,strategy,chiến lược; kế hoạch hành động,/ˈstrætɪdʒi/,noun,A business plan is a strategy for running a business and avoiding problems.,Kế hoạch kinh doanh là một chiến lược để điều hành doanh nghiệp và tránh các vấn đề.,false
Business Planning,risk,rủi ro; nguy cơ mất mát,/rɪsk/,noun,The primary risk for most start-up businesses is insufficient capital.,Rủi ro chính đối với hầu hết doanh nghiệp khởi nghiệp là thiếu vốn.,false
Business Planning,primarily,chủ yếu; trước hết,/ˈpraɪmərɪli/,adverb,The developers are thinking primarily of how to enter the South American market.,Các nhà phát triển đang chủ yếu cân nhắc cách thâm nhập thị trường Nam Mỹ.,false
Business Planning,offer,"lời đề nghị (n); đề nghị, cung cấp (v)",/ˈɒfər/,noun/verb,Devon accepted our offer to write the business plan.,Devon đã chấp nhận đề nghị viết kế hoạch kinh doanh của chúng tôi.,false
Business Planning,gather,thu thập; tập hợp,/ˈɡæðər/,verb,We gathered information for our plan from many sources.,Chúng tôi đã thu thập thông tin cho kế hoạch từ nhiều nguồn.,false
Business Planning,evaluate,đánh giá; xác định giá trị hoặc tác động,/ɪˈvæljueɪt/,verb,It's important to evaluate your competition when making a business plan.,Việc đánh giá đối thủ cạnh tranh là rất quan trọng khi lập kế hoạch kinh doanh.,false
Business Planning,develop,phát triển; mở rộng; cải tiến,/dɪˈveləp/,verb,The restaurant Wanda opened ten years ago has developed into a national chain.,Nhà hàng mà Wanda mở mười năm trước đã phát triển thành một chuỗi toàn quốc.,false
Business Planning,demonstrate,chứng minh; minh họa; thể hiện rõ,/ˈdemənstreɪt/,verb,The professor demonstrated through a case study that a business plan can impress a lender.,Giáo sư đã chứng minh qua một nghiên cứu tình huống rằng kế hoạch kinh doanh có thể gây ấn tượng với bên cho vay.,false
Business Planning,avoid,tránh; ngăn không cho xảy ra,/əˈvɔɪd/,verb,"To avoid going out of business, owners should prepare a proper business plan.","Để tránh phá sản, chủ doanh nghiệp nên chuẩn bị một kế hoạch kinh doanh phù hợp.",false
Business Planning,address,"địa chỉ, bài phát biểu (n); đề cập, xử lý vấn đề (v)",/ˈædres/,noun/verb,Marco's business plan addresses the needs of small business owners.,Kế hoạch kinh doanh của Marco đề cập và đáp ứng nhu cầu của các chủ doanh nghiệp nhỏ.,false
Business Planning,variety,sự đa dạng; nhiều loại khác nhau,/vəˈraɪəti/,noun,There's a variety of standard terms that you'll find in warranties.,Có nhiều loại điều khoản tiêu chuẩn thường xuất hiện trong các giấy bảo hành.,false
Business Planning,require,yêu cầu; đòi hỏi; coi là cần thiết,/rɪˈkwaɪər/,verb,A car warranty may require the owner to have it serviced by a certified mechanic.,Bảo hành ô tô có thể yêu cầu chủ xe đưa xe đi bảo dưỡng bởi một thợ máy được chứng nhận.,false
Warranties,reputation,danh tiếng; uy tín,/ˌrepjuˈteɪʃn/,noun,The company knew that the reputation of its products was the most important asset it had.,Công ty biết rằng danh tiếng của sản phẩm là tài sản quan trọng nhất của mình.,false
Warranties,protect,bảo vệ; gìn giữ,/prəˈtekt/,verb,Consumer laws are designed to protect the public against unscrupulous vendors.,Luật bảo vệ người tiêu dùng được xây dựng để bảo vệ công chúng khỏi những nhà cung cấp thiếu trung thực.,false
Warranties,promise,hứa; cam kết,/ˈprɒmɪs/,verb,A warranty is a promise the manufacturer makes to the consumer.,Bảo hành là lời cam kết mà nhà sản xuất đưa ra với người tiêu dùng.,false
Warranties,imply,ngụ ý; hàm ý,/ɪmˈplaɪ/,verb,The guarantee on the iPod implied that all damages were covered under warranty for one year.,Giấy bảo hành của iPod ngụ ý rằng mọi hư hỏng đều được bảo hành trong một năm.,false
Warranties,frequently,thường xuyên,/ˈfriːkwəntli/,adverb,Appliances frequently come with a one-year warranty.,Các thiết bị gia dụng thường đi kèm bảo hành một năm.,false
Warranties,expiration,sự hết hạn; ngày hết hạn,/ˌekspəˈreɪʃn/,noun,Have you checked the expiration date on this yogurt?,Bạn đã kiểm tra ngày hết hạn trên hộp sữa chua này chưa?,false
Warranties,cover,bao gồm; chi trả; bảo vệ,/ˈkʌvər/,verb,Her car insurance provided for complete coverage against collision.,Bảo hiểm ô tô của cô ấy cung cấp phạm vi bảo hiểm đầy đủ đối với thiệt hại do va chạm.,false
Warranties,consider,cân nhắc; suy nghĩ kỹ,/kənˈsɪdər/,verb,"After considering all the options, Della decided to buy a used car.","Sau khi cân nhắc tất cả các lựa chọn, Della quyết định mua một chiếc xe đã qua sử dụng.",false
Warranties,consequence,hậu quả; kết quả tất yếu,/ˈkɒnsɪkwəns/,noun,The consequence of not following the service instructions for your car is that the warranty is invalidated.,Hậu quả của việc không tuân theo hướng dẫn bảo dưỡng xe là bảo hành sẽ bị vô hiệu.,false
Warranties,characteristic,đặc điểm; đặc trưng,/ˌkærəktəˈrɪstɪk/,noun,One characteristic of the store is that it is slow in mailing refund checks.,Một đặc điểm của cửa hàng này là họ gửi séc hoàn tiền rất chậm.,false
Warranties,satisfaction,sự hài lòng,/ˌsætɪsˈfækʃn/,noun,Your satisfaction is guaranteed or you'll get your money back.,"Sự hài lòng của bạn được bảo đảm, nếu không bạn sẽ được hoàn tiền.",false
Warranties,productive,hiệu quả; tạo ra nhiều kết quả hữu ích,/prəˈdʌktɪv/,adjective,The managers had a very productive meeting and were able to solve many of the problems.,Các nhà quản lý đã có một cuộc họp rất hiệu quả và giải quyết được nhiều vấn đề.,false
Marketing,persuasion,sự thuyết phục; khả năng thuyết phục,/pərˈsweɪʒn/,noun,The seminar teaches techniques of persuasion to increase sales.,Hội thảo hướng dẫn các kỹ thuật thuyết phục nhằm tăng doanh số bán hàng.,false
Marketing,market,"thị trường (n); tiếp thị, quảng bá (v)",/ˈmɑːrkɪt/,noun/verb,The market for brightly colored clothing was brisk last year.,Thị trường quần áo có màu sắc tươi sáng rất sôi động vào năm ngoái.,false
Marketing,inspiration,nguồn cảm hứng; điều tạo động lực,/ˌɪnspəˈreɪʃn/,noun,Marta's high sales in Spain were an inspiration to other European reps.,Doanh số cao của Marta tại Tây Ban Nha là nguồn cảm hứng cho các đại diện bán hàng khác ở châu Âu.,false
Marketing,fad,xu hướng nhất thời; mốt thoáng qua,/fæd/,noun,Classic tastes may seem boring but they have proven to resist fads.,Gu thẩm mỹ cổ điển có thể trông nhàm chán nhưng đã chứng minh được khả năng vượt qua các xu hướng nhất thời.,false
Marketing,currently,hiện tại; vào lúc này,/ˈkɜːrəntli/,adverb,We are currently exploring plans to update the MX3 model.,Chúng tôi hiện đang xem xét các kế hoạch cập nhật mẫu MX3.,false
Marketing,convince,thuyết phục; làm cho tin,/kənˈvɪns/,verb,"Before a business can convince customers that it provides a quality product, it must convince its marketing staff.","Trước khi doanh nghiệp có thể thuyết phục khách hàng rằng mình cung cấp sản phẩm chất lượng, doanh nghiệp phải thuyết phục được đội ngũ tiếp thị của mình.",false
Marketing,consume,tiêu thụ; sử dụng hết,/kənˈsjuːm/,verb,This printer consumes more toner than the downstairs printer.,Máy in này tiêu thụ nhiều mực hơn máy in ở tầng dưới.,false
Marketing,competition,sự cạnh tranh; cuộc tranh đua,/ˌkɒmpəˈtɪʃn/,noun,The company has decided not to join the growing competition for dominance in the semiconductor market.,Công ty đã quyết định không tham gia cuộc cạnh tranh ngày càng gay gắt nhằm giành quyền thống lĩnh thị trường chất bán dẫn.,false
Marketing,compare,so sánh; xem xét điểm giống và khác nhau,/kəmˈpeər/,verb,"Once the customer compared the two products, her choice was easy.","Sau khi khách hàng so sánh hai sản phẩm, việc lựa chọn trở nên dễ dàng.",false
Marketing,attract,thu hút; lôi cuốn,/əˈtrækt/,verb,The display attracted a number of people at the convention.,Khu trưng bày đã thu hút nhiều người tại hội nghị.,false
Marketing,specific,cụ thể; riêng biệt,/spəˈsɪfɪk/,adjective,"In a contract, one specific word can change the meaning dramatically.","Trong hợp đồng, chỉ một từ cụ thể cũng có thể làm thay đổi đáng kể ý nghĩa.",false
Marketing,resolve,giải quyết; xử lý thành công,/rɪˈzɒlv/,verb,The mediator was able to resolve the problem to everyone's satisfaction.,Người hòa giải đã giải quyết vấn đề theo cách làm hài lòng tất cả mọi người.,false
Contracts,provision,điều khoản; sự chuẩn bị trước,/prəˈvɪʒn/,noun,The contract contains a provision to deal with how payments are made if John loses his job.,Hợp đồng có một điều khoản quy định cách thực hiện thanh toán nếu John mất việc.,false
Contracts,party,một bên trong hợp đồng; nhóm người tham gia,/ˈpɑːrti/,noun,The party that prepares the contract has a distinct advantage.,Bên soạn thảo hợp đồng có một lợi thế rõ ràng.,false
Contracts,obligate,ràng buộc về pháp lý hoặc đạo đức,/ˈɒblɪɡeɪt/,verb,The contractor was obligated by the contract to work 40 hours a week.,Nhà thầu bị ràng buộc theo hợp đồng phải làm việc 40 giờ mỗi tuần.,false
Contracts,establish,thiết lập; thành lập; tạo ra lâu dài,/ɪˈstæblɪʃ/,verb,The merger of the two companies established a powerful new corporation.,Việc sáp nhập hai công ty đã tạo ra một tập đoàn mới hùng mạnh.,false
Contracts,engage,tham gia; liên quan; tiến hành,/ɪnˈɡeɪdʒ/,verb,"Before engaging in a new business, it is important to do thorough research.","Trước khi tham gia một lĩnh vực kinh doanh mới, điều quan trọng là phải nghiên cứu kỹ lưỡng.",false
Contracts,determine,xác định; tìm ra; quyết định,/dɪˈtɜːrmɪn/,verb,"After reading the contract, I was still unable to determine if our company was liable for back wages.","Sau khi đọc hợp đồng, tôi vẫn không thể xác định liệu công ty có phải chịu trách nhiệm đối với khoản lương còn thiếu hay không.",false
Contracts,cancellation,sự hủy bỏ; sự chấm dứt,/ˌkænsəˈleɪʃn/,noun,The cancellation of her flight caused her problems for the rest of the week.,Việc chuyến bay bị hủy đã gây ra nhiều vấn đề cho cô ấy trong suốt phần còn lại của tuần.,false
Contracts,assurance,sự bảo đảm; lời cam kết; sự tự tin,/əˈʃʊərəns/,noun,The sales associate gave his assurance that the missing keyboard would be replaced the next day.,Nhân viên bán hàng bảo đảm rằng bàn phím bị thiếu sẽ được thay thế vào ngày hôm sau.,false
Contracts,agreement,thỏa thuận; hợp đồng,/əˈɡriːmənt/,noun,"According to the agreement, the caterer will also supply the flowers for the event.","Theo thỏa thuận, đơn vị cung cấp dịch vụ ăn uống cũng sẽ cung cấp hoa cho sự kiện.",false
Contracts,abide by,tuân thủ; chấp hành,/əˈbaɪd baɪ/,phrase,The two parties agreed to abide by the judge's decision.,Hai bên đã đồng ý tuân theo quyết định của thẩm phán.,false
Contracts,volunteer,tình nguyện; tự nguyện đề nghị làm,/ˌvɒlənˈtɪər/,verb,"My doctor volunteered to call the drugstore, so my medication would be waiting for me.",Bác sĩ đã tự nguyện gọi cho hiệu thuốc để thuốc của tôi được chuẩn bị sẵn.,false
Contracts,sense,cảm nhận; phán đoán; trực giác,/sens/,noun,The doctor had a good sense about what the problem was but wanted to get a second opinion.,Bác sĩ có phán đoán khá rõ về vấn đề nhưng vẫn muốn tham khảo thêm ý kiến thứ hai.,false
Pharmacy,sample,mẫu; phần nhỏ đại diện cho toàn bộ,/ˈsɑːmpl/,noun,The pharmacist gave Myra a few free samples of the allergy medication.,Dược sĩ đã đưa cho Myra một vài mẫu thuốc dị ứng miễn phí.,false
Pharmacy,potential,tiềm ẩn; có thể xảy ra trong tương lai,/pəˈtenʃl/,adjective,"To avoid any potential side effects from the medication, be sure to tell your doctor all the drugs you are taking.","Để tránh các tác dụng phụ tiềm ẩn của thuốc, hãy cho bác sĩ biết tất cả những loại thuốc bạn đang sử dụng.",false
Pharmacy,monitor,theo dõi; giám sát liên tục,/ˈmɒnɪtər/,verb,The nurse practitioner carefully monitors the number of medications her patients are taking.,Điều dưỡng thực hành theo dõi cẩn thận số lượng thuốc mà bệnh nhân đang sử dụng.,false
Pharmacy,limit,giới hạn; mức không được vượt quá,/ˈlɪmɪt/,noun,My prescription has a limit of three refills.,Đơn thuốc của tôi chỉ được cấp lại tối đa ba lần.,false
Pharmacy,interaction,sự tương tác; tác động qua lại,/ˌɪntərˈækʃn/,noun,My pharmacist was concerned about the interaction of the two medications I was prescribed.,Dược sĩ của tôi lo ngại về sự tương tác giữa hai loại thuốc được kê.,false
Pharmacy,factor,yếu tố; điều góp phần tạo nên kết quả,/ˈfæktər/,noun,Taking medications as directed is an important factor in getting well.,Uống thuốc đúng theo hướng dẫn là một yếu tố quan trọng giúp hồi phục.,false
Pharmacy,detect,phát hiện; nhận ra,/dɪˈtekt/,verb,My doctor put me through some simple tests to detect if I have asthma.,Bác sĩ cho tôi thực hiện một số xét nghiệm đơn giản để xác định liệu tôi có bị hen suyễn hay không.,false
Pharmacy,convenient,tiện lợi; phù hợp và dễ sử dụng,/kənˈviːniənt/,adjective,It is convenient to have a pharmacy right across the street from my doctor's office.,Thật tiện lợi khi có một hiệu thuốc ngay đối diện phòng khám của bác sĩ.,false
Pharmacy,control,kiểm soát; điều chỉnh,/kənˈtroʊl/,verb,"To control the cost of this medication, you may get the generic version.","Để kiểm soát chi phí của loại thuốc này, bạn có thể chọn phiên bản thuốc generic.",false
Pharmacy,consult,tham khảo ý kiến; hỏi ý kiến chuyên môn,/kənˈsʌlt/,verb,The doctor consulted with a specialist before writing a new prescription.,Bác sĩ đã tham khảo ý kiến chuyên gia trước khi kê đơn mới.,false
Pharmacy,usually,thường; thông thường,/ˈjuːʒuəli/,adverb,That kind of surgery is usually performed on an outpatient basis.,Loại phẫu thuật đó thường được thực hiện theo hình thức ngoại trú.,false
Pharmacy,statement,bảng sao kê; bản ghi các khoản thu chi,/ˈsteɪtmənt/,noun,The billing statement was filed with the insurance company last month.,Bảng kê thanh toán đã được nộp cho công ty bảo hiểm vào tháng trước.,false
Hospitals,result,kết quả; kết quả của một quy trình,/rɪˈzʌlt/,noun,Your lab results won't be ready for hours.,Kết quả xét nghiệm của bạn phải vài giờ nữa mới có.,false
Hospitals,procedure,thủ tục; quy trình gồm nhiều bước,/prəˈsiːdʒər/,noun,The surgical procedure can now be done in half the amount of time it took even five years ago.,"Hiện nay, thủ thuật phẫu thuật này chỉ mất một nửa thời gian so với năm năm trước.",false
Hospitals,pertinent,liên quan; có liên quan trực tiếp,/ˈpɜːrtɪnənt/,adjective,You should mention any pertinent health issues to the staff before you are admitted for surgery.,Bạn nên thông báo cho nhân viên mọi vấn đề sức khỏe liên quan trước khi nhập viện phẫu thuật.,false
Hospitals,permit,cho phép; không cấm,/pərˈmɪt/,verb,Smoking is not permitted anywhere inside the hospital.,Không được phép hút thuốc ở bất kỳ khu vực nào bên trong bệnh viện.,false
Hospitals,mission,sứ mệnh; mục tiêu cốt lõi,/ˈmɪʃn/,noun,The nurse explained that the mission of everyone in the unit was to make sure the patients got well.,Điều dưỡng giải thích rằng sứ mệnh của mọi người trong khoa là bảo đảm bệnh nhân hồi phục.,false
Hospitals,identify,nhận dạng; xác định danh tính hoặc đặc điểm,/aɪˈdentɪfaɪ/,verb,Your medical records are all marked with your patient number to identify them in case of a mix-up.,Tất cả hồ sơ y tế của bạn đều được đánh dấu bằng mã bệnh nhân để nhận dạng trong trường hợp nhầm lẫn.,false
Hospitals,escort,người đi cùng để hướng dẫn hoặc hỗ trợ,/ˈeskɔːrt/,noun,Let's see if there is an escort available to take you to the parking garage.,Hãy xem có nhân viên hướng dẫn nào có thể đưa bạn đến bãi đỗ xe hay không.,false
Hospitals,designate,chỉ định; đánh dấu; phân loại,/ˈdezɪɡneɪt/,verb,The labels on the bags designated the type of blood they contained.,Nhãn trên các túi cho biết loại máu chứa bên trong.,false
Hospitals,authorize,cho phép; phê duyệt chính thức,/ˈɔːθəraɪz/,verb,We cannot share the test results with you until we have been authorized to do so by your doctor.,Chúng tôi không thể cung cấp kết quả xét nghiệm cho bạn cho đến khi được bác sĩ cho phép.,false
Hospitals,admit,tiếp nhận; cho nhập viện,/ədˈmɪt/,verb,The injured patient was admitted to the unit directly from the emergency room.,Bệnh nhân bị thương được tiếp nhận trực tiếp vào khoa từ phòng cấp cứu.,false
Hospitals,suit,phù hợp với; đáp ứng nhu cầu,/suːt/,verb,I have finally found a health plan that suits my needs.,Cuối cùng tôi đã tìm được một gói chăm sóc sức khỏe phù hợp với nhu cầu của mình.,false
Hospitals,salary,tiền lương; khoản thù lao cố định,/ˈsæləri/,noun,The receptionist believed that he worked too hard for such a small salary.,Nhân viên lễ tân cho rằng anh ấy làm việc quá vất vả với mức lương thấp như vậy.,false
Health Insurance,regardless,bất kể; không phụ thuộc vào điều gì,/rɪˈɡɑːrdlɪs/,adverb,"Regardless of the cost, we all need health insurance.","Bất kể chi phí thế nào, tất cả chúng ta đều cần bảo hiểm y tế.",false
Health Insurance,portion,phần; một phần trong tổng thể,/ˈpɔːrʃn/,noun,A portion of my benefits is my health care coverage.,Một phần trong chế độ phúc lợi của tôi là bảo hiểm chăm sóc sức khỏe.,false
Health Insurance,policy,chính sách; hợp đồng bảo hiểm,/ˈpɒlɪsi/,noun,The company's insurance policy did not cover cosmetic surgery.,Hợp đồng bảo hiểm của công ty không chi trả cho phẫu thuật thẩm mỹ.,false
Health Insurance,personnel,nhân sự; đội ngũ nhân viên,/ˌpɜːrsəˈnel/,noun,The office manager insisted that she needed more personnel to finish the project on time.,Người quản lý văn phòng khẳng định rằng cô ấy cần thêm nhân sự để hoàn thành dự án đúng hạn.,false
Health Insurance,incur,gánh chịu; phát sinh,/ɪnˈkɜːr/,verb,I incurred substantial expenses that my health plan does not cover.,Tôi đã phát sinh những khoản chi phí đáng kể mà gói bảo hiểm sức khỏe không chi trả.,false
Health Insurance,emphasize,nhấn mạnh; làm nổi bật,/ˈemfəsaɪz/,verb,The nurse emphasized the importance of eating a balanced diet.,Điều dưỡng nhấn mạnh tầm quan trọng của chế độ ăn uống cân bằng.,false
Health Insurance,concern,mối lo ngại; sự quan tâm,/kənˈsɜːrn/,noun,The rising cost of health care is of great concern to many people.,Chi phí chăm sóc sức khỏe ngày càng tăng là mối lo ngại lớn đối với nhiều người.,false
Health Insurance,aspect,khía cạnh; đặc điểm quan trọng,/ˈæspekt/,noun,The right to choose their own doctor is an important aspect of health coverage for many people.,Quyền tự lựa chọn bác sĩ là một khía cạnh quan trọng của bảo hiểm y tế đối với nhiều người.,false
Health Insurance,alternative,thay thế; cung cấp một lựa chọn khác,/ɔːlˈtɜːrnətɪv/,adjective,I'd like to discuss alternative treatments before I agree to anything.,Tôi muốn thảo luận về các phương pháp điều trị thay thế trước khi đồng ý với bất kỳ phương án nào.,false
Health Insurance,allow,cho phép; không ngăn cấm,/əˈlaʊ/,verb,My insurance does not allow me to choose my own hospital.,Bảo hiểm của tôi không cho phép tôi tự chọn bệnh viện.,false
Health Insurance,restore,phục hồi; đưa trở lại tình trạng ban đầu,/rɪˈstɔːr/,verb,The cleaning restored the whiteness of my teeth.,Việc làm sạch đã giúp răng tôi trắng trở lại.,false
Health Insurance,regularly,đều đặn; theo chu kỳ cố định,/ˈreɡjələrli/,adverb,She brushes regularly after every meal.,Cô ấy đánh răng đều đặn sau mỗi bữa ăn.,false
Dentist's Office,position,vị trí; tư thế,/pəˈzɪʃn/,noun,Let me tilt your head to a more comfortable position for you.,Để tôi nghiêng đầu bạn sang một tư thế thoải mái hơn.,false
Dentist's Office,overview,cái nhìn tổng quan; bản tóm lược,/ˈoʊvərvjuː/,noun,An overview of your dental records shows a history of problems.,Việc xem tổng quan hồ sơ nha khoa cho thấy bạn đã có tiền sử gặp nhiều vấn đề về răng miệng.,false
Dentist's Office,irritate,gây kích ứng; làm khó chịu,/ˈɪrɪteɪt/,verb,"The broken tooth rubbed against my tongue, irritating it.",Chiếc răng bị gãy cọ vào lưỡi và gây kích ứng.,false
Dentist's Office,illuminate,chiếu sáng; làm sáng rõ,/ɪˈluːmɪneɪt/,verb,The dark recesses of the mouth can only be seen clearly when illuminated with a lamp.,Những vị trí tối sâu bên trong miệng chỉ có thể được nhìn rõ khi chiếu đèn.,false
Dentist's Office,habit,thói quen; hành vi lặp đi lặp lại,/ˈhæbɪt/,noun,The patient had a habit of grinding his teeth during his sleep.,Bệnh nhân có thói quen nghiến răng khi ngủ.,false
Dentist's Office,evident,rõ ràng; dễ nhận thấy,/ˈevɪdənt/,adjective,"Unfortunately, his poor dental hygiene is evident from a distance.","Đáng tiếc, tình trạng vệ sinh răng miệng kém của anh ấy có thể nhận thấy ngay từ xa.",false
Dentist's Office,encouragement,sự khích lệ; nguồn động viên,/ɪnˈkɜːrɪdʒmənt/,noun,The perfect checkup was certainly encouragement to keep up my good dental hygiene.,Kết quả kiểm tra hoàn hảo chắc chắn là nguồn khích lệ để tôi tiếp tục duy trì vệ sinh răng miệng tốt.,false
Dentist's Office,distraction,sự xao lãng; điều làm phân tâm,/dɪˈstrækʃn/,noun,"My dentist is kind enough to provide distractions like television, which take my mind off the procedure.",Nha sĩ của tôi chu đáo cung cấp những hình thức giải trí như tivi để giúp tôi không quá tập trung vào thủ thuật.,false
Dentist's Office,catch up,cập nhật tình hình; trò chuyện để biết tin mới,/kætʃ ʌp/,phrase,My dentist likes to take time to catch up before she starts the examination.,Nha sĩ của tôi thường dành thời gian trò chuyện và cập nhật tình hình trước khi bắt đầu kiểm tra.,false
Dentist's Office,aware,nhận thức được; biết rõ,/əˈweər/,adjective,My dentist made me aware that I should have an appointment twice a year.,Nha sĩ cho tôi biết rằng tôi nên đi khám hai lần mỗi năm.,false
Dentist's Office,serious,nghiêm trọng; nghiêm túc; có tầm quan trọng lớn,/ˈsɪəriəs/,adjective,"For her dissertation, she made a serious study of women's health care needs in developing nations.","Trong luận án của mình, cô ấy đã thực hiện một nghiên cứu nghiêm túc về nhu cầu chăm sóc sức khỏe của phụ nữ tại các nước đang phát triển.",false
Dentist's Office,refer,"giới thiệu, chuyển đến chuyên gia; đề cập",/rɪˈfɜːr/,verb,I was referred to this specialist by the family practice nurse.,Tôi được điều dưỡng tại phòng khám gia đình giới thiệu đến chuyên gia này.,false
Doctor's Office,record,hồ sơ; bản ghi chính thức,/ˈrekərd/,noun,Ms. Han typed a written request for her medical records.,Cô Han đã soạn một yêu cầu bằng văn bản để xin hồ sơ y tế của mình.,false
Doctor's Office,recommendation,khuyến nghị; lời tư vấn,/ˌrekəmenˈdeɪʃn/,noun,It is important to follow the doctor's recommendations if you want to improve your health.,Điều quan trọng là phải làm theo khuyến nghị của bác sĩ nếu bạn muốn cải thiện sức khỏe.,false
Doctor's Office,prevent,ngăn ngừa; không cho xảy ra,/prɪˈvent/,verb,"By encouraging teenagers not to smoke, doctors are hoping to prevent many cases of cancer.","Bằng cách khuyến khích thanh thiếu niên không hút thuốc, các bác sĩ hy vọng có thể ngăn ngừa nhiều trường hợp ung thư.",false
Doctor's Office,manage,quản lý; xử lý; đối phó với,/ˈmænɪdʒ/,verb,"By carefully managing their limited resources, the couple found the money for the elective surgery.","Bằng cách quản lý cẩn thận nguồn lực hạn chế, cặp đôi đã thu xếp được tiền cho ca phẫu thuật tự chọn.",false
Doctor's Office,instrument,dụng cụ; công cụ chuyên dụng,/ˈɪnstrəmənt/,noun,The pediatrician tried not to frighten the children with her strange-looking instruments.,Bác sĩ nhi khoa cố gắng không làm trẻ em sợ bằng những dụng cụ có hình dạng lạ.,false
Doctor's Office,effective,hiệu quả; tạo ra kết quả mong muốn,/ɪˈfektɪv/,adjective,Howard was pleased to find that the diet recommended by his doctor was quite effective.,Howard vui mừng khi nhận thấy chế độ ăn do bác sĩ khuyến nghị khá hiệu quả.,false
Doctor's Office,diagnose,chẩn đoán; xác định bệnh,/ˈdaɪəɡnoʊz/,verb,"After considering the patient's symptoms, the doctor diagnosed the lump as benign.","Sau khi xem xét các triệu chứng của bệnh nhân, bác sĩ chẩn đoán khối u là lành tính.",false
Doctor's Office,assess,đánh giá; xác định mức độ,/əˈses/,verb,The physical therapist assessed the amount of mobility Ms. Crowl had lost after her stroke.,Chuyên viên vật lý trị liệu đã đánh giá mức độ vận động mà cô Crowl bị mất sau cơn đột quỵ.,false
Doctor's Office,appointment,cuộc hẹn; lịch hẹn,/əˈpɔɪntmənt/,noun,"To get the most out of your appointment, keep a log of your symptoms and concerns.","Để tận dụng tốt nhất buổi hẹn, hãy ghi lại các triệu chứng và những điều bạn lo ngại.",false
Doctor's Office,annually,hằng năm; mỗi năm một lần,/ˈænjuəli/,adverb,Everyone should get a physical exam annually.,Mọi người nên khám sức khỏe tổng quát mỗi năm một lần.,false
Doctor's Office,thorough,kỹ lưỡng; toàn diện,/ˈθʌrə/,adjective,The reporters were thorough in their coverage of the event.,Các phóng viên đã đưa tin về sự kiện một cách rất kỹ lưỡng.,false
Doctor's Office,subscribe,đăng ký nhận định kỳ; đặt mua dài hạn,/səbˈskraɪb/,verb,It is convenient to subscribe to the newspaper because it is delivered to your house daily.,Đăng ký nhận báo rất tiện lợi vì báo được giao đến nhà mỗi ngày.,false
Media,link,mối liên kết; mối quan hệ,/lɪŋk/,noun,The father-daughter team of reporters is just one example of many family links at this newspaper.,Nhóm phóng viên gồm hai cha con chỉ là một ví dụ về nhiều mối quan hệ gia đình tại tờ báo này.,false
Media,investigate,điều tra; tìm hiểu kỹ,/ɪnˈvestɪɡeɪt/,verb,Reporters need to thoroughly investigate the facts before publishing their stories.,Các phóng viên cần điều tra kỹ các sự việc trước khi đăng bài.,false
Media,in-depth,chuyên sâu; chi tiết; toàn diện,/ˈɪn depθ/,adjective,The newspaper gave in-depth coverage of the tragic bombing.,Tờ báo đã đưa tin chuyên sâu về vụ đánh bom thảm khốc.,false
Media,impact,tác động mạnh; ảnh hưởng lớn,/ˈɪmpækt/,noun,The story of the presidential scandal had a huge impact on the public.,Câu chuyện về vụ bê bối của tổng thống đã có tác động lớn đến công chúng.,false
Media,disseminate,phổ biến rộng rãi; truyền bá,/dɪˈsemɪneɪt/,verb,The media disseminates news across the world.,Truyền thông phổ biến tin tức trên toàn thế giới.,false
Media,decision,quyết định; sự lựa chọn dứt khoát,/dɪˈsɪʒn/,noun,Newspaper editors often have to make quick decisions about which stories to publish.,Các biên tập viên báo chí thường phải nhanh chóng quyết định những bài nào sẽ được đăng.,false
Media,constitute,tạo thành; cấu thành,/ˈkɒnstɪtjuːt/,verb,All the different news sources constitute the media industry.,Tất cả các nguồn tin khác nhau tạo thành ngành truyền thông.,false
Media,constantly,liên tục; không ngừng,/ˈkɒnstəntli/,adverb,An advantage of Internet news reports is that they can be constantly updated.,Một ưu điểm của tin tức trên Internet là chúng có thể được cập nhật liên tục.,false
Media,choose,chọn; lựa chọn,/tʃuːz/,verb,Alan chooses to read The New York Times over the Wall Street Journal.,Alan chọn đọc The New York Times thay vì The Wall Street Journal.,false
Media,assignment,nhiệm vụ được giao; công việc được phân công,/əˈsaɪnmənt/,noun,"When the reporter is on assignment, research piles up on her desk.","Khi phóng viên đang thực hiện nhiệm vụ được giao, tài liệu nghiên cứu chất đống trên bàn của cô ấy.",false
Media,spectrum,phạm vi; dải rộng các loại liên quan,/ˈspektrəm/,noun,The whole spectrum of artistic expression was represented in the exhibit.,Toàn bộ phạm vi biểu đạt nghệ thuật đã được thể hiện trong triển lãm.,false
Media,specialize,chuyên về; tập trung vào một lĩnh vực,/ˈspeʃəlaɪz/,verb,The art historian specialized in Navajo rugs.,Nhà sử học nghệ thuật chuyên nghiên cứu thảm Navajo.,false
Museums,significant,quan trọng; đáng kể; có ảnh hưởng lớn,/sɪɡˈnɪfɪkənt/,adjective,The rash of new acquisitions represented a significant change in the museum's policies.,Hàng loạt hiện vật mới được mua cho thấy một sự thay đổi đáng kể trong chính sách của bảo tàng.,false
Museums,schedule,lên lịch; sắp xếp thời gian,/ˈskedʒuːl/,verb,We didn't schedule enough time to see all the exhibits that we were interested in.,Chúng tôi đã không sắp xếp đủ thời gian để xem tất cả các triển lãm mà mình quan tâm.,false
Museums,respond,phản hồi; trả lời; phản ứng lại,/rɪˈspɒnd/,verb,You should respond to the invitation to attend the museum gala.,Bạn nên trả lời lời mời tham dự buổi dạ tiệc của bảo tàng.,false
Museums,leisure,thời gian rảnh; thời gian nghỉ ngơi,/ˈleʒər/,noun,We can go to the permanent collection at our leisure.,Chúng ta có thể đến xem bộ sưu tập thường trực vào lúc rảnh.,false
Museums,fashion,phong cách thịnh hành; mốt,/ˈfæʃn/,noun,The museum's classical architecture has never gone out of fashion.,Kiến trúc cổ điển của bảo tàng chưa bao giờ lỗi thời.,false
Museums,express,diễn đạt; thể hiện cảm xúc hoặc ý kiến,/ɪkˈspres/,verb,The sculptor was able to express his feelings better through the use of clay.,Nhà điêu khắc có thể thể hiện cảm xúc tốt hơn thông qua đất sét.,false
Museums,criticism,sự phê bình; bài đánh giá,/ˈkrɪtɪsɪzəm/,noun,"According to the criticism of the Victorian era, the painting was a masterpiece.","Theo giới phê bình thời Victoria, bức tranh là một kiệt tác.",false
Museums,collection,bộ sưu tập; nhóm vật phẩm được lưu giữ cùng nhau,/kəˈlekʃn/,noun,The museum's collection contained many works donated by famous collectors.,Bộ sưu tập của bảo tàng có nhiều tác phẩm được các nhà sưu tầm nổi tiếng hiến tặng.,false
Museums,admire,ngưỡng mộ; đánh giá cao,/ədˈmaɪər/,verb,I admire all the effort the museum put into organizing this wonderful exhibit.,Tôi rất ngưỡng mộ những nỗ lực mà bảo tàng đã bỏ ra để tổ chức triển lãm tuyệt vời này.,false
Museums,acquire,có được; giành được; mua được,/əˈkwaɪər/,verb,The museum acquired a van Gogh during heavy bidding.,Bảo tàng đã mua được một tác phẩm của Van Gogh sau cuộc đấu giá cạnh tranh quyết liệt.,false
Museums,urge,thúc giục; khuyến khích mạnh mẽ,/ɜːrdʒ/,verb,"Despite my reluctance, my friends urged me to attend an opera.","Mặc dù tôi không muốn, bạn bè vẫn thúc giục tôi đi xem opera.",false
Museums,taste,gu thẩm mỹ; khả năng đánh giá cái đẹp,/teɪst/,noun,Ella had the taste required to select a musical program for the visiting dignitaries.,Ella có gu thẩm mỹ cần thiết để lựa chọn chương trình âm nhạc cho các vị khách quan trọng.,false
Music,relaxation,sự thư giãn; trạng thái nghỉ ngơi,/ˌriːlækˈseɪʃn/,noun,Listening to soothing music before bedtime provides good relaxation.,Nghe nhạc nhẹ nhàng trước khi đi ngủ giúp thư giãn tốt.,false
Music,reason,lý do; nguyên nhân,/ˈriːzn/,noun,There is every reason to believe that Beethoven will still be popular in the next century.,Có đầy đủ lý do để tin rằng Beethoven vẫn sẽ được yêu thích trong thế kỷ tới.,false
Music,prefer,thích hơn; ưu tiên lựa chọn,/prɪˈfɜːr/,verb,He preferred contemporary music to any other type.,Anh ấy thích nhạc đương đại hơn mọi thể loại khác.,false
Music,instinct,bản năng; khuynh hướng tự nhiên,/ˈɪnstɪŋkt/,noun,"The student's ability to play the cello was so natural, it seemed an instinct.",Khả năng chơi đàn cello của học sinh tự nhiên đến mức dường như đó là bản năng.,false
Music,favor,ưa thích; thiên về lựa chọn,/ˈfeɪvər/,verb,Sam enjoys the works of several composers but he tends to favor Mozart.,Sam yêu thích tác phẩm của nhiều nhà soạn nhạc nhưng có xu hướng thích Mozart hơn.,false
Music,divide,chia; phân tách thành nhiều phần,/dɪˈvaɪd/,verb,The broad topic of music can be divided into manageable parts.,Chủ đề rộng về âm nhạc có thể được chia thành những phần dễ xử lý hơn.,false
Music,disparate,hoàn toàn khác nhau; không đồng nhất,/ˈdɪspərɪt/,adjective,Religious songs cut across disparate categories of music.,Nhạc tôn giáo xuất hiện trong nhiều thể loại âm nhạc hoàn toàn khác nhau.,false
Music,category,thể loại; nhóm phân loại,/ˈkætəɡəri/,noun,Jazz is one of many categories of music.,Jazz là một trong nhiều thể loại âm nhạc.,false
Music,broaden,mở rộng; làm phong phú hơn,/ˈbrɔːdn/,verb,You will appreciate music more if you broaden your tastes and listen to several types.,Bạn sẽ cảm nhận âm nhạc tốt hơn nếu mở rộng gu thưởng thức và nghe nhiều thể loại khác nhau.,false
Music,available,có sẵn; sẵn sàng để sử dụng,/əˈveɪləbl/,adjective,I checked the list of available compact discs before ordering.,Tôi đã kiểm tra danh sách các đĩa CD có sẵn trước khi đặt hàng.,false
Music,sell out,bán hết; cháy vé,/sel aʊt/,phrase,The Broadway opening sold out months in advance.,Buổi công diễn khai mạc trên Broadway đã bán hết vé trước nhiều tháng.,false
Music,review,bài phê bình; bài đánh giá,/rɪˈvjuː/,noun,The critic's influential review of the play was so negative that it sank the entire production.,Bài phê bình có ảnh hưởng của nhà phê bình tiêu cực đến mức khiến toàn bộ vở diễn thất bại.,false
Theater,rehearse,tập dượt; luyện tập trước buổi diễn,/rɪˈhɜːrs/,verb,The players rehearsed for only three weeks before the show opened.,Các diễn viên chỉ tập dượt trong ba tuần trước khi chương trình công diễn.,false
Theater,perform,biểu diễn; trình diễn trước khán giả,/pərˈfɔːrm/,verb,The theater group performed a three-act play.,Đoàn kịch đã biểu diễn một vở kịch gồm ba màn.,false
Theater,occur,xảy ra; diễn ra,/əˈkɜːr/,verb,The murder in the play occurs in the second act.,Vụ giết người trong vở kịch xảy ra ở màn hai.,false
Theater,experience,trải nghiệm; sự kiện đã tham gia,/ɪkˈspɪəriəns/,noun,The experience of live theater is very thrilling.,Trải nghiệm xem sân khấu trực tiếp rất thú vị.,false
Theater,element,yếu tố; thành phần thiết yếu,/ˈelɪmənt/,noun,The audience is an essential element of live theater.,Khán giả là một yếu tố thiết yếu của sân khấu trực tiếp.,false
Theater,dialogue,đoạn hội thoại; cuộc trò chuyện,/ˈdaɪəlɒɡ/,noun,"The written dialogue seemed great, but was hard to perform.",Đoạn hội thoại được viết rất hay nhưng khó biểu diễn.,false
Theater,creative,sáng tạo; có trí tưởng tượng nghệ thuật,/kriˈeɪtɪv/,adjective,There are a number of creative people writing for the theater these days.,Hiện nay có nhiều người sáng tạo đang viết kịch bản cho sân khấu.,false
Theater,audience,khán giả; những người xem biểu diễn,/ˈɔːdiəns/,noun,The audience cheered the actors as they walked off the stage.,Khán giả cổ vũ các diễn viên khi họ bước khỏi sân khấu.,false
Theater,approach,tiếp cận; đến gần,/əˈproʊtʃ/,verb,The director approached the play from an unusual angle.,Đạo diễn tiếp cận vở kịch từ một góc nhìn khác thường.,false
Theater,action,hành động; chuỗi sự kiện tạo thành cốt truyện,/ˈækʃn/,noun,The action on stage was spellbinding.,Diễn biến trên sân khấu vô cùng cuốn hút.,false
Theater,successive,liên tiếp; theo thứ tự,/səkˈsesɪv/,adjective,The script went through successive rewrites.,Kịch bản đã trải qua nhiều lần viết lại liên tiếp.,false
Theater,separately,riêng biệt; không cùng nhau,/ˈseprɪtli/,adverb,Each scene of the movie was filmed separately from the others.,Mỗi cảnh phim được quay riêng biệt với các cảnh khác.,false
Movies,representation,sự thể hiện; hình ảnh tượng trưng,/ˌreprɪzenˈteɪʃn/,noun,The film's representation of world poverty through the character of the hungry child was quite moving.,Cách bộ phim thể hiện tình trạng nghèo đói trên thế giới qua nhân vật đứa trẻ đói rất cảm động.,false
Movies,release,phát hành; tung ra công chúng,/rɪˈliːs/,verb,The film was finally released to movie theaters after many delays.,Bộ phim cuối cùng đã được phát hành tại các rạp chiếu sau nhiều lần trì hoãn.,false
Movies,range,phạm vi; khoảng,/reɪndʒ/,noun,What is the price range you are willing to pay for a ticket to the premiere?,Khoảng giá bạn sẵn sàng trả cho một vé xem buổi công chiếu là bao nhiêu?,false
Movies,influence,ảnh hưởng; tác động đến,/ˈɪnfluəns/,verb,The editor's style influenced a generation of film editors.,Phong cách của biên tập viên đã ảnh hưởng đến một thế hệ biên tập phim.,false
Movies,entertainment,sự giải trí; chương trình biểu diễn,/ˌentərˈteɪnmənt/,noun,There was no entertainment for children of guests at the hotel.,Khách sạn không có hoạt động giải trí dành cho con của khách lưu trú.,false
Movies,disperse,giải tán; phân tán,/dɪˈspɜːrs/,verb,The reporters dispersed after the press agent cancelled the interview with the film director.,Các phóng viên giải tán sau khi người đại diện truyền thông hủy cuộc phỏng vấn với đạo diễn phim.,false
Movies,description,sự mô tả; hình ảnh bằng lời,/dɪˈskrɪpʃn/,noun,The description of the film did not match what we saw on screen.,Phần mô tả bộ phim không khớp với những gì chúng tôi thấy trên màn hình.,false
Movies,continue,tiếp tục; duy trì không gián đoạn,/kənˈtɪnjuː/,verb,The film continues the story set out in an earlier film.,Bộ phim tiếp tục câu chuyện được bắt đầu trong một bộ phim trước đó.,false
Movies,combine,kết hợp; đưa vào cùng nhau,/kəmˈbaɪn/,verb,The new production company combines the talents of three of Hollywood's best-known teams.,Công ty sản xuất mới kết hợp tài năng của ba nhóm nổi tiếng nhất Hollywood.,false
Movies,attainment,sự đạt được; thành tựu,/əˈteɪnmənt/,noun,The attainment of an Academy Award validates a performer's career.,Việc đạt được giải Oscar khẳng định sự nghiệp của một nghệ sĩ biểu diễn.,false
Movies,tier,hạng; cấp bậc,/tɪər/,noun,"The car rental company had a few tiers of cars, each one costing more than the previous tier.","Công ty cho thuê xe có nhiều hạng xe, mỗi hạng có giá cao hơn hạng trước.",false
Movies,thrill,cảm giác hồi hộp; nguồn gây phấn khích,/θrɪl/,noun,The thought of renting a sports car gave John a thrill.,Ý nghĩ thuê một chiếc xe thể thao khiến John cảm thấy phấn khích.,false
Car Rentals,tempt,cám dỗ; hấp dẫn,/tempt/,verb,I am tempted by the idea of driving across the country instead of flying.,Tôi bị hấp dẫn bởi ý tưởng lái xe xuyên đất nước thay vì đi máy bay.,false
Car Rentals,optional,tự chọn; không bắt buộc,/ˈɒpʃənl/,adjective,Check this box if you wish to have this optional insurance.,Đánh dấu vào ô này nếu bạn muốn sử dụng gói bảo hiểm tự chọn.,false
Car Rentals,nervously,một cách lo lắng; bất an,/ˈnɜːrvəsli/,adverb,I looked around nervously the entire time I was in the dark parking garage.,Tôi lo lắng nhìn xung quanh trong suốt thời gian ở trong bãi đỗ xe tối.,false
Car Rentals,license,giấy phép; bằng lái xe,/ˈlaɪsəns/,noun,"First, I'll need to see your driver's license and a major credit card.","Trước tiên, tôi cần xem bằng lái xe và một thẻ tín dụng chính của bạn.",false
Car Rentals,intend,dự định; có ý định,/ɪnˈtend/,verb,I never intended to drive to Los Angeles until my brother suggested we do it together.,Tôi chưa từng có ý định lái xe đến Los Angeles cho đến khi anh trai đề nghị chúng tôi đi cùng nhau.,false
Car Rentals,disappoint,làm thất vọng; không đáp ứng kỳ vọng,/ˌdɪsəˈpɔɪnt/,verb,Leila was disappointed to discover that no rental cars were available the weekend she wished to travel.,Leila thất vọng khi phát hiện không còn xe cho thuê vào cuối tuần mà cô muốn đi du lịch.,false
Car Rentals,contact,liên lạc; tiếp cận,/ˈkɒntækt/,verb,Manuel contacted at least a dozen car rental agencies to get the best deal.,Manuel đã liên hệ với ít nhất mười hai đại lý cho thuê xe để tìm được mức giá tốt nhất.,false
Car Rentals,confusion,sự nhầm lẫn; tình trạng hỗn loạn,/kənˈfjuːʒn/,noun,There was some confusion about which rental discount coupons applied to which car rental agency.,Có một số nhầm lẫn về việc phiếu giảm giá nào được áp dụng cho đại lý cho thuê xe nào.,false
Car Rentals,coincide,trùng hợp; xảy ra cùng lúc,/ˌkoʊɪnˈsaɪd/,verb,"My cousin's wedding coincided with a holiday weekend, so it was a perfect time to rent a car.","Đám cưới của anh họ tôi trùng với kỳ nghỉ cuối tuần, nên đó là thời điểm thích hợp để thuê xe.",false
Car Rentals,busy,bận rộn; đông đúc; hoạt động tích cực,/ˈbɪzi/,adjective,"The airport was busy, with people catching planes and heading for car rental companies.","Sân bay rất đông đúc, với nhiều người lên máy bay và đi đến các công ty cho thuê xe.",false
Car Rentals,service,dịch vụ; chức năng hữu ích,/ˈsɜːrvɪs/,noun,"The hotel has a number of luxury services like the on-site gym, sauna, pool, and beauty salon.","Khách sạn có nhiều dịch vụ cao cấp như phòng tập thể dục, phòng xông hơi, hồ bơi và tiệm làm đẹp.",false
Car Rentals,reservation,sự đặt trước; sự sắp xếp giữ chỗ,/ˌrezərˈveɪʃn/,noun,"I know I made a reservation for tonight, but the hotel staff has no record of it.","Tôi biết mình đã đặt phòng cho tối nay, nhưng nhân viên khách sạn không tìm thấy thông tin đặt phòng.",false
Hotels,rate,mức giá; chi phí theo tiêu chuẩn,/reɪt/,noun,The rate for the hotel room is too high considering how few services are available on-site.,Giá phòng khách sạn quá cao nếu xét đến số lượng dịch vụ ít ỏi tại chỗ.,false
Hotels,quote,báo giá (n); cung cấp giá (v),/kwoʊt/,noun/verb,We were quoted a price of $89 for the room for one night.,Chúng tôi được báo giá 89 đô la cho một đêm ở phòng đó.,false
Hotels,preclude,ngăn cản; làm cho không thể xảy ra,/prɪˈkluːd/,verb,The unexpected cost of the room precluded a gourmet dinner for the travelers.,Chi phí phòng phát sinh ngoài dự kiến khiến những du khách không thể dùng một bữa tối cao cấp.,false
Hotels,notify,thông báo; báo cho biết,/ˈnoʊtɪfaɪ/,verb,They notified the hotel that they had been delayed in traffic and would be arriving late.,Họ thông báo cho khách sạn rằng mình bị chậm do giao thông và sẽ đến muộn.,false
Hotels,housekeeper,nhân viên dọn phòng; người quản gia,/ˈhaʊskiːpər/,noun,The desk clerk is sending the housekeeper to bring more towels to your room.,Nhân viên lễ tân đang cử nhân viên dọn phòng mang thêm khăn tắm đến phòng của bạn.,false
Hotels,expect,kỳ vọng; cho rằng điều gì sẽ xảy ra,/ɪkˈspekt/,verb,You can expect a clean room when you check in at a hotel.,Bạn có thể mong đợi một căn phòng sạch sẽ khi làm thủ tục nhận phòng tại khách sạn.,false
Hotels,confirm,xác nhận; chứng thực,/kənˈfɜːrm/,verb,Jorge called the hotel to confirm that he had a room reservation.,Jorge gọi điện cho khách sạn để xác nhận rằng mình đã đặt phòng.,false
Hotels,check in,làm thủ tục nhận phòng; đăng ký,/tʃek ɪn/,phrase,Patrons check in at the hotel immediately upon their arrival.,Khách lưu trú làm thủ tục nhận phòng ngay khi đến khách sạn.,false
Hotels,chain,chuỗi; nhóm doanh nghiệp cùng thương hiệu,/tʃeɪn/,noun,Budget-priced hotel chains have made a huge impact in the industry.,Các chuỗi khách sạn giá bình dân đã tạo ra ảnh hưởng lớn trong ngành.,false
Hotels,advanced,tiên tiến; ở cấp độ cao hơn,/ədˈvɑːnst/,adjective,"Since the hotel installed an advanced computer system, all operations have been functioning more smoothly.","Kể từ khi khách sạn lắp đặt hệ thống máy tính tiên tiến, mọi hoạt động đã diễn ra suôn sẻ hơn.",false
Hotels,remote,xa xôi; cách xa khu dân cư,/rɪˈmoʊt/,adjective,I was surprised to find train service to such a remote location.,Tôi ngạc nhiên khi biết có dịch vụ tàu hỏa đến một địa điểm xa xôi như vậy.,false
Hotels,remainder,phần còn lại; phần chưa sử dụng,/rɪˈmeɪndər/,noun,"The Alaskan frontier has train service in the summer, but for the remainder of the year the tracks are impassable.","Vùng biên giới Alaska có dịch vụ tàu hỏa vào mùa hè, nhưng trong thời gian còn lại của năm, đường ray không thể sử dụng được.",false
Trains,relatively,tương đối; khi so sánh với những thứ khác,/ˈrelətɪvli/,adverb,The train is relatively empty for this time of day.,Chuyến tàu tương đối vắng vào thời điểm này trong ngày.,false
Trains,punctually,đúng giờ; không trễ,/ˈpʌŋktʃuəli/,adverb,The train leaves punctually at noon.,Chuyến tàu khởi hành đúng giờ vào buổi trưa.,false
Trains,operate,vận hành; thực hiện chức năng,/ˈɒpəreɪt/,verb,The train operates on a punctual schedule.,Tàu hỏa vận hành theo một lịch trình đúng giờ.,false
Trains,offset,bù đắp; cân bằng,/ˈɒfset/,verb,The high cost of the hotel room offset the savings we made by taking the train.,Chi phí phòng khách sạn cao đã làm mất đi khoản tiền chúng tôi tiết kiệm được khi đi tàu.,false
Trains,fare,giá vé; tiền vé phương tiện,/feər/,noun,Pay your fare at the ticket office and you will get a ticket to board the train.,Trả tiền vé tại quầy và bạn sẽ nhận được vé để lên tàu.,false
Trains,entitle,cho phép; trao quyền được hưởng,/ɪnˈtaɪtl/,verb,"During the holiday rush, a train ticket entitled the passenger to a ride, but not necessarily a seat.","Trong dịp lễ đông đúc, vé tàu cho hành khách quyền đi tàu nhưng không nhất thiết bảo đảm có ghế ngồi.",false
Trains,duration,thời gian; khoảng thời gian kéo dài,/djʊˈreɪʃn/,noun,Mother lent me her spare jacket for the duration of the trip.,Mẹ cho tôi mượn chiếc áo khoác dự phòng của bà trong suốt chuyến đi.,false
Trains,directory,danh bạ; bộ sưu tập thông tin hoặc chỉ dẫn,/dɪˈrektəri/,noun,"By calling directory assistance, Mr. Scannel was able to get the phone number for the train station.","Bằng cách gọi dịch vụ tra cứu danh bạ, ông Scannel đã lấy được số điện thoại của nhà ga.",false
Trains,deluxe,cao cấp; sang trọng,/dɪˈlʌks/,adjective,My parents decided to splurge on deluxe accommodations for their trip.,Bố mẹ tôi quyết định chi nhiều tiền cho chỗ ở cao cấp trong chuyến đi.,false
Trains,comprehensive,toàn diện; bao quát rộng,/ˌkɒmprɪˈhensɪv/,adjective,The conductor has a comprehensive knowledge of rail systems from all over the world.,Người trưởng tàu có kiến thức toàn diện về các hệ thống đường sắt trên khắp thế giới.,false
Trains,system,hệ thống; nhóm các yếu tố có liên quan,/ˈsɪstəm/,noun,The airline system covers the entire world with flights.,Hệ thống hàng không bao phủ toàn thế giới bằng các chuyến bay.,false
Trains,substantially,đáng kể; phần lớn,/səbˈstænʃəli/,adverb,The airfares charged by different airlines are not substantially different.,Giá vé máy bay của các hãng hàng không khác nhau không chênh lệch đáng kể.,false
Airlines,situation,tình huống; hoàn cảnh tại một thời điểm,/ˌsɪtʃuˈeɪʃn/,noun,The airline suggested I check with the State Department regarding the political situation in the country.,Hãng hàng không đề nghị tôi kiểm tra với Bộ Ngoại giao về tình hình chính trị tại quốc gia đó.,false
Airlines,prospective,tiềm năng; có khả năng trở thành,/prəˈspektɪv/,adjective,The airline had a reception to impress travel agents who might be prospective clients.,Hãng hàng không tổ chức một buổi tiếp đón để gây ấn tượng với các đại lý du lịch có thể trở thành khách hàng tiềm năng.,false
Airlines,extend,kéo dài; mở rộng,/ɪkˈstend/,verb,We extended our vacation by a day.,Chúng tôi kéo dài kỳ nghỉ thêm một ngày.,false
Airlines,expense,chi phí; khoản tiền phải trả,/ɪkˈspens/,noun,A luxury vacation involves many expenses.,Một kỳ nghỉ sang trọng phát sinh nhiều khoản chi phí.,false
Airlines,excursion,chuyến đi giải trí; chuyến tham quan,/ɪkˈskɜːrʒn/,noun,"With some time between meetings in London, the company president enjoyed an excursion to Stonehenge.","Trong khoảng thời gian giữa các cuộc họp ở London, chủ tịch công ty đã tham gia một chuyến tham quan Stonehenge.",false
Airlines,equivalent,tương đương; ngang bằng,/ɪˈkwɪvələnt/,adjective,The food the airline serves in coach class is equivalent to that served in first class.,Thức ăn hãng hàng không phục vụ ở hạng phổ thông tương đương với thức ăn ở hạng nhất.,false
Airlines,economize,tiết kiệm; chi tiêu thận trọng,/ɪˈkɒnəmaɪz/,verb,We decided to economize this year and take our vacation during the off season.,Chúng tôi quyết định tiết kiệm trong năm nay và đi nghỉ vào mùa thấp điểm.,false
Airlines,distinguish,phân biệt; nhận ra sự khác nhau,/dɪˈstɪŋɡwɪʃ/,verb,Suki was able to distinguish between the different types of jets on the runway.,Suki có thể phân biệt các loại máy bay phản lực khác nhau trên đường băng.,false
Airlines,destination,điểm đến; nơi đến,/ˌdestɪˈneɪʃn/,noun,The Great Barrier Reef is a popular tourist destination this year.,Rạn san hô Great Barrier là một điểm đến du lịch phổ biến trong năm nay.,false
Airlines,deal with,xử lý; đối phó với,/diːl wɪð/,phrase,Ticket agents must deal courteously with irate customers.,Nhân viên bán vé phải xử lý một cách lịch sự với những khách hàng đang tức giận.,false
Airlines,valid,hợp lệ; còn giá trị pháp lý,/ˈvælɪd/,adjective,I need to make certain that my passport is valid if we plan to go overseas this December.,Tôi cần bảo đảm hộ chiếu của mình còn hiệu lực nếu chúng tôi dự định ra nước ngoài vào tháng Mười Hai.,false
Airlines,prohibit,cấm; ngăn không cho xảy ra,/prəˈhɪbɪt/,verb,Airline regulations prohibit the passengers from having beverages open during takeoff and landing.,Quy định hàng không cấm hành khách mở đồ uống trong lúc cất cánh và hạ cánh.,false
General Travel,itinerary,lịch trình du lịch; kế hoạch hành trình,/aɪˈtɪnəreri/,noun,I had to change my itinerary when I decided to add two more countries to my vacation.,Tôi phải thay đổi lịch trình khi quyết định thêm hai quốc gia vào chuyến đi.,false
General Travel,embarkation,việc lên tàu hoặc máy bay; quá trình lên phương tiện,/ˌembɑːrˈkeɪʃn/,noun,The flight crew must check the passengers' documents before embarkation.,Phi hành đoàn phải kiểm tra giấy tờ của hành khách trước khi lên máy bay.,false
General Travel,depart,khởi hành; rời đi,/dɪˈpɑːrt/,verb,"After the wedding, the married couple departed for their honeymoon in Morocco.","Sau đám cưới, cặp vợ chồng mới cưới khởi hành đến Morocco để hưởng tuần trăng mật.",false
General Travel,delay,trì hoãn; làm đến muộn hơn dự kiến,/dɪˈleɪ/,verb,The heavy traffic delayed our arrival at the train station.,Tình trạng giao thông đông đúc khiến chúng tôi đến ga tàu muộn.,false
General Travel,claim,nhận lấy; lấy theo quyền của mình,/kleɪm/,verb,Please proceed directly to the baggage arrival area to claim your luggage.,Vui lòng đi thẳng đến khu vực nhận hành lý để lấy hành lý của bạn.,false
General Travel,board,"lên tàu, máy bay hoặc phương tiện",/bɔːrd/,verb,We will board the train for New York in ten minutes.,Chúng tôi sẽ lên chuyến tàu đi New York trong mười phút nữa.,false
General Travel,blanket,chăn (n); che phủ (v),/ˈblæŋkɪt/,noun/verb,"It's going to be a cold night, so I'll ask housekeeping to send an extra blanket for our bed.",Đêm nay sẽ lạnh nên tôi sẽ nhờ bộ phận dọn phòng mang thêm một chiếc chăn đến giường của chúng tôi.,false
General Travel,beverage,đồ uống,/ˈbevərɪdʒ/,noun,The flight attendant offered all passengers a cold beverage during the flight.,Tiếp viên hàng không đã phục vụ đồ uống lạnh cho tất cả hành khách trong chuyến bay.,false
General Travel,announcement,thông báo; thông tin được công bố,/əˈnaʊnsmənt/,noun,Did you hear an announcement about our new departure time?,Bạn có nghe thông báo về giờ khởi hành mới của chúng ta không?,false
General Travel,agent,đại lý; người đại diện cho công ty,/ˈeɪdʒənt/,noun,A travel agent can usually find you the best deals on tickets and hotels.,Đại lý du lịch thường có thể tìm cho bạn những ưu đãi tốt nhất về vé và khách sạn.,false
General Travel,stage,tổ chức; trình diễn,/steɪdʒ/,verb,The gazebo outside was the perfect location from which to stage the cutting of the cake.,Nhà lều ngoài trời là địa điểm hoàn hảo để tổ chức nghi thức cắt bánh.,false
General Travel,site,địa điểm; nơi chốn,/saɪt/,noun,"Once we saw the site, we knew it would be perfect for the event.","Khi nhìn thấy địa điểm, chúng tôi biết nơi đó sẽ hoàn hảo cho sự kiện.",false
Events,regulate,kiểm soát; điều chỉnh,/ˈreɡjuleɪt/,verb,The site staff closely regulates how many cars can be brought on the grounds.,Nhân viên tại địa điểm kiểm soát chặt chẽ số lượng ô tô được phép đưa vào khuôn viên.,false
Events,proximity,sự gần gũi; khoảng cách gần,/prɒkˈsɪmɪti/,noun,An important factor in selecting the site was its close proximity to a parking garage.,Một yếu tố quan trọng khi chọn địa điểm là vị trí gần bãi đỗ xe.,false
Events,plan,lên kế hoạch; dự định,/plæn/,verb,We plan to get together tomorrow to discuss the menu.,Chúng tôi dự định gặp nhau vào ngày mai để thảo luận về thực đơn.,false
Events,lead time,thời gian chuẩn bị; thời gian từ lúc bắt đầu đến khi hoàn thành,/liːd taɪm/,noun,The lead time for reservations is unrealistic.,Thời gian chuẩn bị cho việc đặt chỗ là không thực tế.,false
Events,ideally,lý tưởng nhất là; trong điều kiện hoàn hảo,/aɪˈdɪəli/,adverb,"Ideally, the location for the concert would have plenty of parking.",Lý tưởng nhất là địa điểm tổ chức buổi hòa nhạc có nhiều chỗ đỗ xe.,false
Events,general,chung; tổng quát,/ˈdʒenrəl/,adjective,We have a general idea of how many guests will attend.,Chúng tôi có ước tính chung về số lượng khách sẽ tham dự.,false
Events,exact,chính xác; đúng hoàn toàn,/ɪɡˈzækt/,adjective,We will need an exact head count by noon tomorrow.,Chúng ta sẽ cần số người chính xác trước trưa ngày mai.,false
Events,dimension,kích thước; chiều đo,/daɪˈmenʃn/,noun,We need the dimensions of the meeting rooms before we can determine how many chairs each will hold.,Chúng ta cần kích thước của các phòng họp trước khi xác định mỗi phòng có thể chứa bao nhiêu ghế.,false
Events,coordinate,phối hợp; sắp xếp để cùng hoạt động,/koʊˈɔːrdɪneɪt/,verb,Benet tried to coordinate all departments to make sure the event ran smoothly.,Benet cố gắng phối hợp tất cả các bộ phận để bảo đảm sự kiện diễn ra suôn sẻ.,false
Events,assist,hỗ trợ; giúp đỡ,/əˈsɪst/,verb,Bonnie hired a secretary to assist her with the many details of the event.,Bonnie thuê một thư ký để hỗ trợ cô xử lý nhiều chi tiết của sự kiện.,false
Events,theme,chủ đề; ý tưởng xuyên suốt,/θiːm/,noun,The caterers prepared food for a party with a tropical island theme.,Nhóm phục vụ ăn uống đã chuẩn bị thức ăn cho một bữa tiệc mang chủ đề đảo nhiệt đới.,false
Events,relinquish,từ bỏ; nhượng lại,/rɪˈlɪŋkwɪʃ/,verb,People find it hard to relinquish their accustomed food preferences and try something new.,Mọi người cảm thấy khó từ bỏ sở thích ăn uống quen thuộc để thử điều mới.,false
Cooking as a Career,profession,nghề nghiệp; ngành nghề đòi hỏi đào tạo chuyên sâu,/prəˈfeʃn/,noun,Cooking is considered as much a profession as is law or medicine.,Nấu ăn được xem là một nghề nghiệp chuyên môn giống như luật hoặc y khoa.,false
Cooking as a Career,outlet,phương tiện giải tỏa; cửa hàng bán lẻ,/ˈaʊtlet/,noun,Many people find cooking to be a hands-on outlet for their creativity.,Nhiều người xem nấu ăn là một cách thực tế để thể hiện sự sáng tạo.,false
Cooking as a Career,method,phương pháp; quy trình,/ˈmeθəd/,noun,Many chefs borrow cooking methods from a variety of cultures.,Nhiều đầu bếp học hỏi các phương pháp nấu ăn từ nhiều nền văn hóa khác nhau.,false
Cooking as a Career,influx,dòng người hoặc vật đổ vào; sự gia tăng đột ngột,/ˈɪnflʌks/,noun,An influx of new chefs is constantly needed to fill open jobs.,Luôn cần một lượng lớn đầu bếp mới để lấp đầy các vị trí còn trống.,false
Cooking as a Career,incorporate,kết hợp; đưa vào,/ɪnˈkɔːrpəreɪt/,verb,Here are the fresh greens for you to incorporate into a salad.,Đây là rau xanh tươi để bạn kết hợp vào món salad.,false
Cooking as a Career,draw,thu hút; lôi cuốn đến,/drɔː/,verb,We hope the new restaurant will draw other business to the area.,Chúng tôi hy vọng nhà hàng mới sẽ thu hút các doanh nghiệp khác đến khu vực.,false
Cooking as a Career,demand,đòi hỏi; yêu cầu,/dɪˈmɑːnd/,verb,This style of cooking demands many exotic ingredients and a lot of preparation time.,Phong cách nấu ăn này đòi hỏi nhiều nguyên liệu lạ và nhiều thời gian chuẩn bị.,false
Cooking as a Career,culinary,liên quan đến nấu ăn; thuộc về bếp núc,/ˈkʌlɪneri/,adjective,The chef was widely known for his culinary artistry.,Đầu bếp được biết đến rộng rãi nhờ nghệ thuật ẩm thực của mình.,false
Cooking as a Career,apprentice,người học việc; thực tập sinh trong một lĩnh vực cụ thể,/əˈprentɪs/,noun,"Instead of attending cooking school, Raul chose to work as an apprentice with an experienced chef.","Thay vì theo học trường nấu ăn, Raul chọn làm học việc với một đầu bếp giàu kinh nghiệm.",false
Cooking as a Career,accustom to,làm quen với; khiến cho quen với,/əˈkʌstəm tuː/,phrase,Chefs must accustom themselves to working long hours.,Các đầu bếp phải làm quen với việc làm việc nhiều giờ.,false
Cooking as a Career,settle,thanh toán; quyết định chọn,/ˈsetl/,verb,We settled the bill with the cashier.,Chúng tôi thanh toán hóa đơn với nhân viên thu ngân.,false
Cooking as a Career,pick up,đến lấy; thu gom,/pɪk ʌp/,phrase,The delivery man picks up lunch orders on his motor scooter.,Người giao hàng đến lấy các đơn đặt bữa trưa bằng xe máy.,false
Ordering Lunch,narrow,thu hẹp; giới hạn,/ˈnæroʊ/,verb,Etseko narrowed the restaurant possibilities down to three.,Etseko đã thu hẹp các lựa chọn nhà hàng xuống còn ba.,false
Ordering Lunch,multiple,nhiều; gồm nhiều hơn một phần,/ˈmʌltɪpl/,adjective,"It takes multiple steps to get into this building, which frustrates all our employees.","Phải trải qua nhiều bước mới có thể vào tòa nhà này, điều đó khiến tất cả nhân viên của chúng tôi khó chịu.",false
Ordering Lunch,list,danh sách; một loạt các mục,/lɪst/,noun,We keep a list of all the restaurants in this area that deliver.,Chúng tôi lưu danh sách tất cả nhà hàng có dịch vụ giao hàng trong khu vực này.,false
Ordering Lunch,individual,cá nhân; riêng biệt,/ˌɪndɪˈvɪdʒuəl/,adjective,We had the delivery man mark the contents of each individual order.,Chúng tôi yêu cầu người giao hàng đánh dấu nội dung của từng đơn hàng riêng biệt.,false
Ordering Lunch,impress,gây ấn tượng; làm ngưỡng mộ,/ɪmˈpres/,verb,I was impressed with how quickly they delivered our lunch.,Tôi rất ấn tượng với tốc độ họ giao bữa trưa cho chúng tôi.,false
Ordering Lunch,fall to,trở thành trách nhiệm của; thuộc về,/fɔːl tuː/,phrase,The task of preparing the meal fell to the assistant chef when the chief chef was ill.,Nhiệm vụ chuẩn bị bữa ăn thuộc về bếp phó khi bếp trưởng bị ốm.,false
Ordering Lunch,elegance,sự thanh lịch; vẻ tinh tế,/ˈelɪɡəns/,noun,The elegance of the restaurant made it a pleasant place to eat.,Vẻ thanh lịch của nhà hàng khiến nơi đây trở thành một địa điểm ăn uống dễ chịu.,false
Ordering Lunch,delivery,việc giao hàng; dịch vụ giao hàng,/dɪˈlɪvəri/,noun,"The restaurant is reluctant to make deliveries, but makes an exception for our office.",Nhà hàng không muốn giao hàng nhưng đã dành một ngoại lệ cho văn phòng chúng tôi.,false
Ordering Lunch,commonly,thường xuyên; theo thông lệ,/ˈkɒmənli/,adverb,The people who work in this building commonly order their lunch from the sandwich shop on the first floor.,Những người làm việc trong tòa nhà này thường đặt bữa trưa từ cửa hàng bánh mì ở tầng một.,false
Ordering Lunch,burden,gánh nặng; trách nhiệm phải đảm nhận,/ˈbɜːrdn/,noun,The secretary usually takes on the burden of ordering lunch for business meetings.,Thư ký thường đảm nhận trách nhiệm đặt bữa trưa cho các cuộc họp kinh doanh.,false
Ordering Lunch,remind,nhắc nhở; gợi nhớ,/rɪˈmaɪnd/,verb,Ms. Smith was annoyed at having to remind the waitress to bring the check.,Cô Smith khó chịu vì phải nhắc nhân viên phục vụ mang hóa đơn.,false
Ordering Lunch,randomly,ngẫu nhiên; không theo quy luật,/ˈrændəmli/,adverb,We randomly made our selections from the menu.,Chúng tôi chọn món ngẫu nhiên từ thực đơn.,false
Eating Out,predict,dự đoán; tiên đoán,/prɪˈdɪkt/,verb,I predicted this restaurant would become popular and I was right.,Tôi đã dự đoán nhà hàng này sẽ trở nên nổi tiếng và tôi đã đúng.,false
Eating Out,patron,khách hàng quen; người bảo trợ,/ˈpeɪtrən/,noun,"Once the word was out about the new chef, patrons lined up to get into the restaurant.","Khi tin tức về đầu bếp mới lan truyền, khách hàng đã xếp hàng để vào nhà hàng.",false
Eating Out,mix-up,sự nhầm lẫn; sự lộn xộn,/ˈmɪks ʌp/,noun,There was a mix-up in the kitchen so your order will be delayed.,Đã xảy ra nhầm lẫn trong bếp nên đơn hàng của bạn sẽ bị chậm.,false
Eating Out,judge,đánh giá; đưa ra nhận xét,/dʒʌdʒ/,verb,The restaurant review harshly judged the quality of the service.,Bài đánh giá nhà hàng đã nhận xét khắt khe về chất lượng dịch vụ.,false
Eating Out,ingredient,nguyên liệu; thành phần trong hỗn hợp,/ɪnˈɡriːdiənt/,noun,The chef went to the farmer's market to select the freshest ingredients for tonight's menu.,Đầu bếp đến chợ nông sản để chọn những nguyên liệu tươi nhất cho thực đơn tối nay.,false
Eating Out,forget,quên; không nhớ,/fərˈɡet/,verb,Don't forget to tell your friends what a great meal you had tonight.,Đừng quên kể cho bạn bè về bữa ăn tuyệt vời mà bạn đã thưởng thức tối nay.,false
Eating Out,flavor,hương vị đặc trưng; mùi vị,/ˈfleɪvər/,noun,The cook changed the flavor of the soup with a unique blend of herbs.,Đầu bếp đã thay đổi hương vị của món súp bằng một hỗn hợp thảo mộc độc đáo.,false
Eating Out,excite,kích thích; gây hứng thú,/ɪkˈsaɪt/,verb,Exotic flavors always excite me.,Những hương vị lạ luôn khiến tôi thích thú.,false
Eating Out,complete,hoàn thành; làm cho trọn vẹn,/kəmˈpliːt/,verb,We ordered some dessert to complete our meal.,Chúng tôi gọi thêm món tráng miệng để hoàn thiện bữa ăn.,false
Eating Out,basic,cơ bản; đơn giản; dùng làm nền tảng,/ˈbeɪsɪk/,adjective,The new restaurant offers a very basic menu.,Nhà hàng mới cung cấp một thực đơn rất cơ bản.,false
Eating Out,suggestion,đề xuất; lời khuyên,/səˈdʒestʃən/,noun,We followed the waiter's suggestion and ordered one of the specials.,Chúng tôi làm theo gợi ý của người phục vụ và gọi một trong các món đặc biệt.,false
Eating Out,subjective,chủ quan; mang tính cá nhân,/səbˈdʒektɪv/,adjective,Food preferences are subjective and not everyone agrees on what tastes good.,Sở thích ăn uống mang tính chủ quan và không phải ai cũng đồng ý món nào là ngon.,false
Selecting a Restaurant,secure,bảo đảm có được; giành được,/sɪˈkjʊər/,verb,"Despite the popularity of the restaurant, Max was able to secure reservations for this evening.","Mặc dù nhà hàng rất nổi tiếng, Max vẫn đặt được chỗ cho tối nay.",false
Selecting a Restaurant,rely,tin tưởng; phụ thuộc vào,/rɪˈlaɪ/,verb,I have always relied on the restaurant advice this guidebook gives.,Tôi luôn tin tưởng vào những lời khuyên về nhà hàng trong cuốn sách hướng dẫn này.,false
Selecting a Restaurant,mix,sự kết hợp (n); trộn lẫn (v),/mɪks/,noun/verb,The mix of bright colors on the plate was very pleasing.,Sự kết hợp của những màu sắc tươi sáng trên đĩa rất đẹp mắt.,false
Selecting a Restaurant,majority,đa số; phần lớn,/məˈdʒɒrɪti/,noun,The majority of the group wanted to try the new Chinese restaurant.,Đa số thành viên trong nhóm muốn thử nhà hàng Trung Quốc mới.,false
Selecting a Restaurant,guide,người hướng dẫn; sách hướng dẫn,/ɡaɪd/,noun,The guide led our tour group to a small restaurant only known to the locals.,Người hướng dẫn đã dẫn đoàn du lịch của chúng tôi đến một nhà hàng nhỏ chỉ người dân địa phương biết.,false
Selecting a Restaurant,familiar,quen thuộc; thường gặp,/fəˈmɪliər/,adjective,It's nice to see some familiar items on the menu.,Thật vui khi thấy một số món quen thuộc trong thực đơn.,false
Selecting a Restaurant,daringly,một cách táo bạo; dũng cảm,/ˈdeərɪŋli/,adverb,We daringly ordered the raw squid.,Chúng tôi đã táo bạo gọi món mực sống.,false
Selecting a Restaurant,compromise,sự thỏa hiệp (n); thỏa hiệp (v),/ˈkɒmprəmaɪz/,noun/verb,John doesn't like sweet dishes so I compromised by adding just a small amount of sugar.,John không thích các món ngọt nên tôi đã thỏa hiệp bằng cách chỉ thêm một lượng nhỏ đường.,false
Selecting a Restaurant,arrive,đến; đến nơi,/əˈraɪv/,verb,Frank arrived at the restaurant only minutes after Claudia left.,Frank đến nhà hàng chỉ vài phút sau khi Claudia rời đi.,false
Selecting a Restaurant,appeal,sức hút; khả năng thu hút,/əˈpiːl/,noun,A restaurant with good food and reasonable prices has a lot of appeal.,Một nhà hàng có đồ ăn ngon và giá cả hợp lý có sức hấp dẫn rất lớn.,false
Selecting a Restaurant,subject to,phụ thuộc vào; tuân theo quy định của,/ˈsʌbdʒɪkt tuː/,adjective,This contract is subject to all the laws and regulations of the state.,Hợp đồng này tuân theo tất cả luật pháp và quy định của tiểu bang.,false
Selecting a Restaurant,option,lựa chọn; phương án thay thế,/ˈɒpʃn/,noun,You could arrange the lease with an option to buy after a certain amount of time.,Bạn có thể thỏa thuận hợp đồng thuê kèm quyền chọn mua sau một khoảng thời gian nhất định.,false
Renting and Leasing,occupy,chiếm dụng; sử dụng để sinh sống hoặc làm việc,/ˈɒkjupaɪ/,verb,Our company has occupied this office for more than five years.,Công ty chúng tôi đã sử dụng văn phòng này hơn năm năm.,false
Renting and Leasing,lock into,ràng buộc vào; khiến không thể dễ dàng thay đổi,/lɒk ˈɪntuː/,phrase,The company locked itself into a ten-year lease that they didn't want.,Công ty đã tự ràng buộc mình vào một hợp đồng thuê mười năm mà họ không mong muốn.,false
Renting and Leasing,lease,hợp đồng thuê (n); cho thuê hoặc thuê theo hợp đồng (v),/liːs/,noun/verb,"With the lease expiring next year, they need to start looking for a new location.","Do hợp đồng thuê sẽ hết hạn vào năm tới, họ cần bắt đầu tìm một địa điểm mới.",false
Renting and Leasing,indicator,dấu hiệu; chỉ số,/ˈɪndɪkeɪtər/,noun,"If the economy is an accurate indicator, rental prices will increase rapidly in the next six months.","Nếu nền kinh tế là một chỉ báo chính xác, giá thuê sẽ tăng nhanh trong sáu tháng tới.",false
Renting and Leasing,get out of,thoát khỏi; rút khỏi,/ɡet aʊt ɒv/,phrase,The company wanted to get out of the area before property values declined even further.,Công ty muốn rút khỏi khu vực trước khi giá trị bất động sản giảm sâu hơn nữa.,false
Renting and Leasing,fluctuate,dao động; tăng giảm liên tục,/ˈflʌktʃueɪt/,verb,"Prime business areas fluctuate with local economies, crime rates, and cost of living indices.","Các khu vực kinh doanh trọng điểm biến động theo nền kinh tế địa phương, tỷ lệ tội phạm và chỉ số chi phí sinh hoạt.",false
Renting and Leasing,due to,do; vì; bởi vì,/djuː tuː/,preposition,"Due to the low interest rates, good office space is difficult to find.","Do lãi suất thấp, rất khó tìm được không gian văn phòng tốt.",false
Renting and Leasing,condition,tình trạng; điều kiện; yêu cầu,/kənˈdɪʃn/,noun,"Except for some minor repairs, the building is in very good condition.","Ngoại trừ một số hạng mục sửa chữa nhỏ, tòa nhà đang ở trong tình trạng rất tốt.",false
Renting and Leasing,circumstance,hoàn cảnh; tình huống,/ˈsɜːrkəmstæns/,noun,"Under the current economic circumstances, they will not be able to purchase the property.","Trong hoàn cảnh kinh tế hiện tại, họ sẽ không thể mua tài sản đó.",false
Renting and Leasing,apprehensive,lo lắng về tương lai; e ngại,/ˌæprɪˈhensɪv/,adjective,The mortgage lender was apprehensive about the company's ability to pay.,Bên cho vay thế chấp lo lắng về khả năng thanh toán của công ty.,false
Renting and Leasing,systematically,một cách có hệ thống; theo phương pháp,/ˌsɪstəˈmætɪkli/,adverb,"While creative thinking is necessary, analyzing a problem systematically is indispensable.","Mặc dù tư duy sáng tạo là cần thiết, việc phân tích vấn đề một cách có hệ thống là không thể thiếu.",false
Renting and Leasing,supervisor,người giám sát; quản lý trực tiếp,/ˈsuːpərvaɪzər/,noun,"A good supervisor gets his team to work with him, not just for him.",Một người giám sát tốt khiến nhóm làm việc cùng mình chứ không chỉ làm việc cho mình.,false
Product Development,solve,giải quyết; tìm ra giải pháp,/sɒlv/,verb,"Researchers find that every time they solve one problem, two more result.",Các nhà nghiên cứu nhận thấy rằng mỗi khi giải quyết được một vấn đề thì lại phát sinh thêm hai vấn đề khác.,false
Product Development,responsibility,trách nhiệm; nhiệm vụ,/rɪˌspɒnsəˈbɪlɪti/,noun,The product development department has a huge responsibility to be sure that the product is safe.,Phòng phát triển sản phẩm có trách nhiệm rất lớn trong việc bảo đảm sản phẩm an toàn.,false
Product Development,research,sự nghiên cứu; việc thu thập thông tin,/rɪˈsɜːrtʃ/,noun,Part of the research the team does is to determine whether similar products are already on the market.,Một phần công việc nghiên cứu của nhóm là xác định xem các sản phẩm tương tự đã có trên thị trường hay chưa.,false
Product Development,logical,hợp lý; có trình tự theo lý luận,/ˈlɒdʒɪkl/,adjective,It is only logical for a research and development team to concentrate on one or two new products at a time.,Việc nhóm nghiên cứu và phát triển chỉ tập trung vào một hoặc hai sản phẩm mới tại một thời điểm là hoàn toàn hợp lý.,false
Product Development,experiment,thí nghiệm (n); thử nghiệm (v),/ɪkˈsperɪmənt/,noun/verb,Product developers must conduct hundreds of experiments in their research.,Các nhà phát triển sản phẩm phải thực hiện hàng trăm thí nghiệm trong quá trình nghiên cứu.,false
Product Development,examine,xem xét kỹ lưỡng; kiểm tra,/ɪɡˈzæmɪn/,verb,"Before marketing a new product, researchers must carefully examine it from every aspect.","Trước khi tiếp thị một sản phẩm mới, các nhà nghiên cứu phải kiểm tra sản phẩm đó cẩn thận từ mọi khía cạnh.",false
Product Development,decade,thập kỷ; khoảng thời gian mười năm,/ˈdekeɪd/,noun,"After a decade of trying, the company finally developed a vastly superior product.","Sau một thập kỷ nỗ lực, công ty cuối cùng đã phát triển được một sản phẩm vượt trội hơn rất nhiều.",false
Product Development,assume,giả định; tin là đúng mà không có bằng chứng,/əˈsjuːm/,verb,A company should assume nothing about the market but instead pay close attention to research results.,Một công ty không nên giả định bất cứ điều gì về thị trường mà nên chú ý kỹ đến kết quả nghiên cứu.,false
Product Development,ascertain,xác định chắc chắn; tìm hiểu rõ,/ˌæsərˈteɪn/,verb,A necessary part of product development is to ascertain whether the product is safe.,Một phần cần thiết của quá trình phát triển sản phẩm là xác định chắc chắn sản phẩm có an toàn hay không.,false
Product Development,anxious,lo lắng; bồn chồn,/ˈæŋkʃəs/,adjective,The developers were anxious about the sales forecast for the new product.,Các nhà phát triển lo lắng về dự báo doanh số của sản phẩm mới.,false
Product Development,wrinkle,nếp nhăn; vết nhăn trên vải,/ˈrɪŋkl/,noun,A wrinkle that is ironed into a permanent-press product will annoy the consumer each time the garment is worn.,Một nếp nhăn bị là cố định trên sản phẩm chống nhăn sẽ khiến người tiêu dùng khó chịu mỗi khi mặc trang phục đó.,false
Product Development,uniformly,đồng đều; nhất quán,/ˈjuːnɪfɔːrmli/,adverb,The food at chain restaurants is uniformly prepared so that customers will always find the same quality.,Thức ăn tại các chuỗi nhà hàng được chế biến đồng đều để khách hàng luôn nhận được chất lượng như nhau.,false
Quality Control,throw out,loại bỏ; vứt đi,/θroʊ aʊt/,phrase,It is cheaper to throw out shoddy products than to lose customers.,Việc loại bỏ các sản phẩm kém chất lượng ít tốn kém hơn so với việc mất khách hàng.,false
Quality Control,take back,nhận lại hàng trả về; rút lại,/teɪk bæk/,phrase,Good quality control significantly limits the number of products taken back for a refund.,Việc kiểm soát chất lượng tốt làm giảm đáng kể số sản phẩm bị trả lại để hoàn tiền.,false
Quality Control,repel,đẩy lùi; chống lại,/rɪˈpel/,verb,Umbrellas that do not repel water should never be passed through quality control.,Những chiếc ô không chống được nước không bao giờ được phép vượt qua khâu kiểm soát chất lượng.,false
Quality Control,perceptive,tinh tế; có khả năng nhận thức sâu sắc,/pərˈseptɪv/,adjective,Dora always hires good workers because she is very perceptive about people's abilities.,Dora luôn tuyển được nhân viên giỏi vì cô ấy rất tinh tế trong việc nhận biết năng lực của người khác.,false
Quality Control,inspect,kiểm tra cẩn thận; thanh tra,/ɪnˈspekt/,verb,Children's car seats are thoroughly inspected and tested for safety before being put on the market.,Ghế ô tô dành cho trẻ em được kiểm tra và thử nghiệm an toàn kỹ lưỡng trước khi đưa ra thị trường.,false
Quality Control,garment,quần áo; trang phục,/ˈɡɑːrmənt/,noun,Every garment must be carefully inspected for defects before it is shipped.,Mỗi sản phẩm may mặc phải được kiểm tra cẩn thận để phát hiện lỗi trước khi xuất hàng.,false
Quality Control,enhance,nâng cao; làm hấp dẫn hơn,/ɪnˈhɑːns/,verb,The reason behind quality control is to enhance the company's reputation for superior products.,Mục đích của việc kiểm soát chất lượng là nâng cao danh tiếng của công ty về các sản phẩm vượt trội.,false
Quality Control,defect,khuyết điểm; sự khiếm khuyết,/ˈdiːfekt/,noun,"Because of a defect in stitching, the entire suit was thrown out.","Do có lỗi ở đường may, toàn bộ bộ vest đã bị loại bỏ.",false
Quality Control,conform,tuân thủ; phù hợp với tiêu chuẩn,/kənˈfɔːrm/,verb,The quality control manager insisted that every product conform to the company's rigorous standards.,Quản lý kiểm soát chất lượng yêu cầu mọi sản phẩm phải tuân thủ các tiêu chuẩn nghiêm ngặt của công ty.,false
Quality Control,brand,nhãn hiệu; thương hiệu,/brænd/,noun,Consumers often buy highly advertised brands of athletic shoes.,Người tiêu dùng thường mua các thương hiệu giày thể thao được quảng cáo rộng rãi.,false
Quality Control,waste,sự lãng phí (n); lãng phí (v),/weɪst/,noun/verb,"Without a leader, the group members wasted time and energy trying to organize themselves.","Khi không có người lãnh đạo, các thành viên trong nhóm đã lãng phí thời gian và công sức để tự tổ chức.",false
Quality Control,progress,"tiến độ, sự tiến triển (n); tiến lên (v)",/ˈproʊɡres/,noun/verb,"Progress is being made on the annual report, and we expect to see a finished product by next week.",Báo cáo thường niên đang được thực hiện và chúng tôi kỳ vọng sẽ thấy bản hoàn chỉnh vào tuần tới.,false
Board Meetings and Committees,priority,sự ưu tiên; việc cần làm trước,/praɪˈɒrɪti/,noun,The manager was ineffective because she was unable to set priorities.,Người quản lý làm việc không hiệu quả vì cô ấy không thể xác định các ưu tiên.,false
Board Meetings and Committees,periodically,định kỳ; theo từng khoảng thời gian,/ˌpɪərɪˈɒdɪkli/,adverb,"Periodically, new members were nominated to the committee.","Định kỳ, các thành viên mới được đề cử vào ủy ban.",false
Board Meetings and Committees,matter,vấn đề; chủ đề cần quan tâm,/ˈmætər/,noun,"If there are no other matters to discuss, we will conclude the meeting.","Nếu không còn vấn đề nào khác cần thảo luận, chúng ta sẽ kết thúc cuộc họp.",false
Board Meetings and Committees,lengthy,dài; kéo dài lâu,/ˈleŋθi/,adjective,"After lengthy discussions, the chairperson was reelected for another term.","Sau những cuộc thảo luận kéo dài, chủ tịch đã được bầu lại cho một nhiệm kỳ khác.",false
Board Meetings and Committees,goal,mục tiêu; mục đích,/ɡoʊl/,noun,Employees are expected to analyze and evaluate their annual goals.,Nhân viên được yêu cầu phân tích và đánh giá các mục tiêu hằng năm của mình.,false
Board Meetings and Committees,go ahead,tiến hành (phr); sự cho phép tiến hành (n),/ˌɡoʊ əˈhed/,phrase/noun,Five of the six members felt that they should go ahead with the plan.,Năm trong số sáu thành viên cho rằng họ nên tiếp tục thực hiện kế hoạch.,false
Board Meetings and Committees,conclude,kết thúc; đi đến kết luận hoặc quyết định,/kənˈkluːd/,verb,The committee members concluded the meeting early so that they could finish their budgets.,Các thành viên ủy ban kết thúc cuộc họp sớm để có thể hoàn thành ngân sách của mình.,false
Board Meetings and Committees,bring up,đề cập; đưa một chủ đề ra thảo luận,/brɪŋ ʌp/,phrase,No one brought up the resignation of the director.,Không ai đề cập đến việc giám đốc từ chức.,false
Board Meetings and Committees,agenda,chương trình nghị sự; danh sách chủ đề thảo luận,/əˈdʒendə/,noun,The agenda was sent out three weeks ago so that everyone could prepare for the meeting.,Chương trình nghị sự đã được gửi đi ba tuần trước để mọi người có thể chuẩn bị cho cuộc họp.,false
Board Meetings and Committees,adhere to,tuân theo; chấp hành,/ədˈhɪər tuː/,phrase,The best committee members are those who adhere to the time limits and speak only when they have something important to add.,Những thành viên ủy ban tốt nhất là những người tuân thủ giới hạn thời gian và chỉ phát biểu khi có điều quan trọng cần bổ sung.,false
Board Meetings and Committees,scrutiny,sự kiểm tra kỹ lưỡng; sự xem xét cẩn thận,/ˈskruːtɪni/,noun,"After a great deal of scrutiny, the manager decided that the employee's work had improved considerably.","Sau khi xem xét kỹ lưỡng, người quản lý nhận thấy công việc của nhân viên đã cải thiện đáng kể.",false
Board Meetings and Committees,opt,lựa chọn; quyết định chọn,/ɒpt/,verb,The operations manager opted for the less expensive office design.,Quản lý vận hành đã chọn phương án thiết kế văn phòng ít tốn kém hơn.,false
Property and Department,open to,cởi mở với; sẵn sàng tiếp nhận,/ˈoʊpən tuː/,adjective,What I valued most in my previous supervisor was that she was always open to ideas.,Điều tôi trân trọng nhất ở người giám sát trước đây là bà ấy luôn cởi mở với các ý tưởng.,false
Property and Department,move up,tiến lên; được thăng chức,/muːv ʌp/,phrase,"In order to move up in the company, employees had to demonstrate their loyalty.","Để thăng tiến trong công ty, nhân viên phải chứng minh lòng trung thành của mình.",false
Property and Department,lobby,sảnh đón; phòng chờ,/ˈlɒbi/,noun,The salesperson waited in the busy lobby for the buyer to see him.,Nhân viên bán hàng chờ trong sảnh đông đúc để gặp người mua.,false
Property and Department,inconsiderately,một cách thiếu suy nghĩ; bất lịch sự,/ˌɪnkənˈsɪdərɪtli/,adverb,Mr. Peterson inconsiderately disrupted the meeting by asking a lot of irrelevant questions.,Ông Peterson đã thiếu tế nhị làm gián đoạn cuộc họp bằng cách đặt nhiều câu hỏi không liên quan.,false
Property and Department,hamper,cản trở; gây khó khăn,/ˈhæmpər/,verb,The lack of supplies hampered our ability to finish on schedule.,Việc thiếu vật tư đã cản trở khả năng hoàn thành công việc đúng tiến độ của chúng tôi.,false
Property and Department,disruption,sự gián đoạn; sự xáo trộn,/dɪsˈrʌpʃn/,noun,"If there are no disruptions, the office renovations will be finished this week.","Nếu không xảy ra gián đoạn, việc cải tạo văn phòng sẽ hoàn thành trong tuần này.",false
Property and Department,conducive,thuận lợi cho; có tác dụng dẫn đến,/kənˈdjuːsɪv/,adjective,"The new office arrangement is much more conducive to work than the dark, depressing space.",Cách bố trí văn phòng mới thuận lợi cho công việc hơn nhiều so với không gian tối tăm và ảm đạm trước đây.,false
Property and Department,concentrate,tập trung; dành sự chú ý vào một việc,/ˈkɒnsntreɪt/,verb,"In his quiet, corner office, the manager could finally concentrate and finish his work.","Trong văn phòng góc yên tĩnh, người quản lý cuối cùng cũng có thể tập trung và hoàn thành công việc.",false
Property and Department,collaboration,sự cộng tác; việc làm cùng nhau,/kəˌlæbəˈreɪʃn/,noun,We have never seen such effective collaboration between two groups.,Chúng tôi chưa bao giờ chứng kiến sự hợp tác hiệu quả như vậy giữa hai nhóm.,false
Property and Department,adjacent,liền kề; ở ngay cạnh,/əˈdʒeɪsənt/,adjective,My office is adjacent to the receptionist area on the third floor.,Văn phòng của tôi nằm ngay cạnh khu vực lễ tân ở tầng ba.,false
